date,pm10_avg,pm25_avg
2016-01-29,,356.0
2016-01-30,,203.0
2016-01-31,,124.0
2016-02-01,,136.0
2016-02-02,,148.0
2016-02-03,,137.0
2016-02-04,425.0,225.66666666666666
2016-02-05,366.0,211.0
2016-02-06,227.0,160.0
2016-02-07,284.5,132.73333333333332
2016-02-08,299.0,200.0
2016-02-09,333.0,206.33333333333334
2016-02-10,287.0,120.66666666666667
2016-02-11,339.5,126.0
2016-02-12,280.5,95.8
2016-02-13,200.0,106.63333333333333
2016-02-14,245.5,107.66666666666667
2016-02-15,291.0,106.93333333333334
2016-02-16,245.0,121.66666666666667
2016-02-17,222.0,167.66666666666666
2016-02-18,342.0,214.0
2016-02-19,245.0,146.33333333333334
2016-02-20,90.5,62.199999999999996
2016-02-21,149.0,70.36666666666666
2016-02-22,160.0,68.39999999999999
2016-02-23,257.0,159.33333333333334
2016-02-24,254.0,117.33333333333333
2016-02-25,249.0,131.66666666666666
2016-02-26,245.0,139.66666666666666
2016-02-27,395.0,225.0
2016-02-28,288.0,166.66666666666666
2016-02-29,385.5,205.66666666666666
2016-03-01,253.0,180.33333333333334
2016-03-02,261.0,142.66666666666666
2016-03-03,203.0,107.56666666666666
2016-03-04,148.0,51.5
2016-03-05,,39.05
2016-03-06,186.0,83.86666666666667
2016-03-07,178.5,72.2
2016-03-08,238.5,112.73333333333333
2016-03-09,276.0,137.33333333333334
2016-03-10,244.0,93.7
2016-03-11,135.1,37.46666666666667
2016-03-12,64.8,28.399999999999995
2016-03-13,50.65,35.833333333333336
2016-03-14,184.5,78.86666666666666
2016-03-15,212.0,71.8
2016-03-16,203.0,104.06666666666666
2016-03-17,126.0,62.46666666666667
2016-03-18,162.0,79.94999999999999
2016-03-19,,78.4
2016-03-20,173.5,32.800000000000004
2016-03-21,284.5,30.799999999999997
2016-03-22,195.0,59.833333333333336
2016-03-23,,131.5
2016-03-24,240.0,102.675
2016-03-25,179.5,43.725
2016-03-26,102.0,45.925
2016-03-27,,160.26666666666668
2016-03-28,105.0,70.03333333333333
2016-03-29,263.0,179.65
2016-03-30,145.0,63.300000000000004
2016-03-31,,67.4
2016-04-01,,51.2
2016-04-02,,120.0
2016-04-03,407.0,137.43333333333334
2016-04-04,,54.699999999999996
2016-04-05,,48.5
2016-04-06,392.0,69.2
2016-04-07,252.0,45.85
2016-04-08,199.0,65.53333333333333
2016-04-09,133.0,47.8
2016-04-10,246.0,45.575
2016-04-11,225.5,41.05
2016-04-12,258.0,62.475
2016-04-13,242.0,61.65
2016-04-14,320.5,99.63333333333333
2016-04-15,,87.3
2016-04-16,,57.95
2016-04-17,314.5,59.93333333333334
2016-04-18,362.5,98.0
2016-04-19,350.5,103.825
2016-04-20,311.0,81.325
2016-04-21,187.0,89.15
2016-04-22,109.0,70.725
2016-04-23,222.5,99.075
2016-04-24,339.0,91.05
2016-04-25,431.5,93.375
2016-04-26,564.0,111.075
2016-04-27,582.5,150.55
2016-04-28,437.5,200.75
2016-04-29,,235.5
2016-04-30,,154.5
2016-05-01,,126.2
2016-05-02,,123.45
2016-05-03,345.5,96.625
2016-05-04,221.0,75.8
2016-05-05,201.35,46.7
2016-05-06,273.0,65.25
2016-05-07,265.0,82.0
2016-05-08,209.0,70.375
2016-05-09,205.0,62.375
2016-05-10,144.6,49.825
2016-05-11,293.0,78.175
2016-05-12,344.0,73.475
2016-05-13,480.0,77.89999999999999
2016-05-14,952.0,94.15
2016-05-15,304.0,60.875
2016-05-16,295.0,132.95
2016-05-17,340.5,158.675
2016-05-18,257.0,79.15
2016-05-19,224.5,60.2
2016-05-20,317.0,56.625
2016-05-21,156.0,58.425
2016-05-22,155.0,71.425
2016-05-23,122.0,44.65
2016-05-24,275.0,83.1
2016-05-25,449.0,85.475
2016-05-26,508.0,165.175
2016-05-27,434.0,103.275
2016-05-28,,16.34
2016-05-29,113.0,38.555
2016-05-30,462.5,46.575
2016-05-31,400.0,48.725
2016-06-01,426.0,56.55
2016-06-02,,85.1
2016-06-03,,76.4
2016-06-04,241.5,60.125
2016-06-05,253.5,60.1
2016-06-06,221.5,57.675
2016-06-07,171.0,51.6
2016-06-08,217.0,69.125
2016-06-09,305.0,68.55
2016-06-10,325.5,44.475
2016-06-11,429.5,48.0
2016-06-12,431.0,77.025
2016-06-13,270.0,35.225
2016-06-14,381.0,81.925
2016-06-15,125.75,43.75
2016-06-16,147.65,42.5
2016-06-17,150.5,50.025
2016-06-18,104.25,52.5
2016-06-19,78.3,46.675
2016-06-20,70.25,49.849999999999994
2016-06-21,134.35,34.300000000000004
2016-06-22,139.65,32.9
2016-06-23,512.0,72.63333333333334
2016-06-24,197.0,57.06666666666666
2016-06-25,125.0,47.23333333333333
2016-06-26,109.5,56.9
2016-06-27,137.25,39.56666666666666
2016-06-28,81.45,30.166666666666668
2016-06-29,127.45,32.166666666666664
2016-06-30,125.3,58.333333333333336
2016-07-01,129.65,28.049999999999997
2016-07-02,117.65,42.4
2016-07-03,84.8,30.3
2016-07-04,228.8,93.93333333333334
2016-07-05,179.0,321.1333333333333
2016-07-06,94.05,494.09999999999997
2016-07-07,121.0,35.233333333333334
2016-07-08,110.65,142.66666666666666
2016-07-09,112.75,39.93333333333334
2016-07-10,83.3,64.33333333333333
2016-07-11,69.15,26.400000000000002
2016-07-12,82.95,37.8
2016-07-13,,55.26666666666667
2016-07-14,,31.35
2016-07-15,31.5,20.933333333333334
2016-07-16,,24.15
2016-07-17,125.5,45.53333333333333
2016-07-18,375.5,30.175
2016-07-19,374.0,45.4
2016-07-20,325.0,74.5
2016-07-21,221.5,46.125
2016-07-22,112.5,40.766666666666666
2016-07-23,,53.8
2016-07-24,229.5,50.05
2016-07-25,125.6,49.7
2016-07-26,155.0,30.5
2016-07-27,87.6,31.86666666666667
2016-07-28,95.0,46.43333333333334
2016-07-29,74.4,27.833333333333332
2016-07-30,76.1,36.06666666666666
2016-07-31,75.2,27.966666666666665
2016-08-01,70.4,27.1
2016-08-02,130.0,22.2
2016-08-03,162.0,31.733333333333334
2016-08-04,125.0,26.8
2016-08-05,127.0,30.0
2016-08-06,118.0,26.0
2016-08-07,157.0,28.46666666666667
2016-08-08,98.0,26.5
2016-08-09,60.6,25.5
2016-08-10,27.3,20.266666666666666
2016-08-11,103.0,71.23333333333333
2016-08-12,177.0,33.300000000000004
2016-08-13,138.0,28.933333333333334
2016-08-14,444.0,33.5
2016-08-15,545.0,30.633333333333336
2016-08-16,427.0,48.800000000000004
2016-08-17,264.0,45.23333333333333
2016-08-18,255.0,47.666666666666664
2016-08-19,142.0,31.366666666666664
2016-08-20,117.0,15.3
2016-08-21,150.0,18.599999999999998
2016-08-22,159.0,30.5
2016-08-23,172.0,30.566666666666663
2016-08-24,,28.85
2016-08-25,,43.25
2016-08-26,,32.7
2016-08-27,,40.0
2016-08-28,330.0,90.65
2016-08-29,126.0,28.099999999999998
2016-08-30,59.0,20.5
2016-08-31,73.7,20.400000000000002
2016-09-01,219.0,193.13333333333333
2016-09-02,499.0,720.8
2016-09-03,598.0,25.35
2016-09-04,543.0,23.599999999999998
2016-09-05,555.0,26.0
2016-09-06,524.0,28.9
2016-09-07,531.0,33.8
2016-09-08,518.0,33.1
2016-09-09,431.0,26.900000000000002
2016-09-10,357.0,26.733333333333334
2016-09-11,354.0,26.03333333333333
2016-09-12,368.0,41.800000000000004
2016-09-13,205.0,34.0
2016-09-14,372.0,70.06666666666666
2016-09-15,375.0,45.75
2016-09-16,423.0,69.5
2016-09-17,283.0,71.3
2016-09-18,285.0,89.43333333333334
2016-09-19,595.0,133.66666666666666
2016-09-20,332.0,82.60000000000001
2016-09-21,101.0,32.96666666666667
2016-09-22,225.0,44.06666666666666
2016-09-23,170.0,50.23333333333333
2016-09-24,154.0,70.16666666666667
2016-09-25,291.0,69.56666666666666
2016-09-26,195.0,46.199999999999996
2016-09-27,,118.3
2016-09-28,247.5,83.55
2016-09-29,185.5,68.9
2016-09-30,245.5,107.875
2016-10-01,236.5,58.45
2016-10-02,256.5,90.6
2016-10-03,302.5,124.0
2016-10-04,155.75,63.53333333333333
2016-10-05,254.5,94.425
2016-10-06,294.0,94.7
2016-10-07,370.0,84.525
2016-10-08,392.0,101.3
2016-10-09,395.5,84.625
2016-10-10,389.5,92.125
2016-10-11,376.0,134.975
2016-10-12,368.0,62.55
2016-10-13,388.5,59.1
2016-10-14,425.5,95.275
2016-10-15,409.0,81.525
2016-10-16,445.0,99.225
2016-10-17,447.0,99.55
2016-10-18,409.5,84.025
2016-10-19,433.5,84.225
2016-10-20,402.5,59.06666666666666
2016-10-21,420.5,71.45
2016-10-22,487.5,123.35
2016-10-23,456.5,102.65
2016-10-24,399.5,114.39999999999999
2016-10-25,486.0,150.33333333333334
2016-10-26,589.5,237.66666666666666
2016-10-27,515.5,300.5
2016-10-28,566.5,254.5
2016-10-29,540.0,283.25
2016-10-30,527.0,379.25
2016-10-31,657.0,359.75
2016-11-01,653.5,578.25
2016-11-02,458.3333333333333,374.5
2016-11-03,539.6666666666666,312.0
2016-11-04,735.5,692.1666666666666
2016-11-05,765.0,750.8333333333334
2016-11-06,567.6666666666666,432.6666666666667
2016-11-07,463.6666666666667,327.1666666666667
2016-11-08,434.6666666666667,299.1666666666667
2016-11-09,422.6666666666667,267.4
2016-11-10,443.6666666666667,293.6
2016-11-11,396.0,215.6
2016-11-12,354.0,155.78
2016-11-13,385.0,167.9
2016-11-14,324.6666666666667,192.8
2016-11-15,465.0,277.6
2016-11-16,362.3333333333333,176.6
2016-11-17,351.3333333333333,174.04000000000002
2016-11-18,385.3333333333333,167.75
2016-11-19,320.0,173.5
2016-11-20,421.6666666666667,223.6
2016-11-21,423.6666666666667,152.8
2016-11-22,405.6666666666667,170.8
2016-11-23,497.0,339.0
2016-11-24,374.3333333333333,116.84
2016-11-25,313.6666666666667,95.88
2016-11-26,341.3333333333333,100.55
2016-11-27,268.0,82.7
2016-11-28,485.0,245.8
2016-11-29,400.6666666666667,269.4
2016-11-30,367.6666666666667,261.6
2016-12-01,402.0,253.4
2016-12-02,287.46666666666664,182.25
2016-12-03,406.0,294.5
2016-12-04,429.0,219.6
2016-12-05,503.0,354.2
2016-12-06,427.0,296.8
2016-12-07,342.0,255.6
2016-12-08,460.0,283.0
2016-12-09,258.6666666666667,212.2
2016-12-10,209.0,192.6
2016-12-11,318.0,218.0
2016-12-12,359.3333333333333,181.2
2016-12-13,301.0,148.2
2016-12-14,294.6666666666667,164.0
2016-12-15,379.0,206.8
2016-12-16,405.0,231.2
2016-12-17,424.6666666666667,222.2
2016-12-18,449.3333333333333,253.6
2016-12-19,291.3333333333333,179.6
2016-12-20,250.66666666666666,128.24
2016-12-21,389.3333333333333,184.0
2016-12-22,576.3333333333334,387.6
2016-12-23,707.6666666666666,510.25
2016-12-24,365.6666666666667,244.0
2016-12-25,309.6666666666667,177.25
2016-12-26,396.0,238.75
2016-12-27,489.6666666666667,300.0
2016-12-28,516.6666666666666,339.25
2016-12-29,362.6666666666667,259.75
2016-12-30,358.6666666666667,256.25
2016-12-31,370.0,270.75
2017-01-01,416.6666666666667,286.0
2017-01-02,359.0,215.0
2017-01-03,324.0,247.75
2017-01-04,322.6666666666667,189.25
2017-01-05,265.6666666666667,180.75
2017-01-06,185.33333333333334,149.75
2017-01-07,212.66666666666666,146.25
2017-01-08,265.6666666666667,146.75
2017-01-09,235.66666666666666,124.2
2017-01-10,290.3333333333333,161.0
2017-01-11,411.3333333333333,232.5
2017-01-12,390.3333333333333,255.75
2017-01-13,386.0,366.75
2017-01-14,203.0,211.5
2017-01-15,265.6666666666667,166.5
2017-01-16,197.0,126.0
2017-01-17,247.33333333333334,168.75
2017-01-18,221.33333333333334,117.25
2017-01-19,188.66666666666666,112.05
2017-01-20,235.0,216.5
2017-01-21,358.0,285.5
2017-01-22,223.0,220.5
2017-01-23,364.3333333333333,193.75
2017-01-24,359.0,222.75
2017-01-25,154.86666666666667,114.76666666666667
2017-01-26,78.56666666666666,71.15
2017-01-27,127.86666666666667,91.95
2017-01-28,156.0,113.0
2017-01-29,256.0,170.5
2017-01-30,272.6666666666667,179.0
2017-01-31,218.0,131.0
2017-02-01,381.0,204.5
2017-02-02,380.6666666666667,207.25
2017-02-03,251.66666666666666,162.0
2017-02-04,48.0,2.5
2017-02-05,186.0,44.0
2017-02-06,192.0,85.225
2017-02-07,288.6666666666667,136.45
2017-02-08,265.0,135.75
2017-02-09,227.33333333333334,108.2
2017-02-10,271.6666666666667,136.5
2017-02-11,206.0,200.0
2017-02-12,266.0,136.5
2017-02-13,330.0,160.6
2017-02-14,323.0,152.5
2017-02-15,303.6666666666667,168.75
2017-02-16,302.6666666666667,152.15
2017-02-17,307.5,118.75
2017-02-18,303.5,130.28571428571428
2017-02-19,322.0,147.275
2017-02-20,235.66666666666666,96.375
2017-02-21,175.66666666666666,118.125
2017-02-22,191.0,93.0625
2017-02-23,105.0,73.58
2017-02-24,105.0,77.76666666666667
2017-02-25,136.0,96.85000000000001
2017-02-26,212.33333333333334,93.85
2017-02-27,312.0,152.15
2017-02-28,304.6666666666667,132.4625
2017-03-01,255.66666666666666,114.5375
2017-03-02,148.66666666666666,64.6625
2017-03-03,160.0,79.075
2017-03-04,196.33333333333334,93.72857142857143
2017-03-05,208.66666666666666,87.55
2017-03-06,281.3333333333333,113.7125
2017-03-07,198.33333333333334,76.775
2017-03-08,101.3,60.8625
2017-03-09,77.15,49.475
2017-03-10,68.7,44.8125
2017-03-11,137.13333333333333,59.474999999999994
2017-03-12,158.16666666666666,66.1375
2017-03-13,286.8,75.575
2017-03-14,306.0,106.225
2017-03-15,316.0,117.375
2017-03-16,255.0,95.45
2017-03-17,233.66666666666666,99.375
2017-03-18,316.6666666666667,126.7125
2017-03-19,321.6666666666667,113.7875
2017-03-20,331.6666666666667,110.675
2017-03-21,329.0,117.6875
2017-03-22,328.0,153.3375
2017-03-23,277.0,128.125
2017-03-24,230.33333333333334,61.35
2017-03-25,226.0,66.32375
2017-03-26,195.66666666666666,74.3125
2017-03-27,283.0,120.21428571428571
2017-03-28,260.3333333333333,105.325
2017-03-29,184.0,73.57142857142857
2017-03-30,234.0,89.15
2017-03-31,240.66666666666666,104.7375
2017-04-01,190.0,80.85714285714286
2017-04-02,177.73333333333335,81.875
2017-04-03,222.33333333333334,88.75
2017-04-04,169.13333333333333,49.125
2017-04-05,258.6666666666667,84.525
2017-04-06,525.0,181.75
2017-04-07,367.0,104.65
2017-04-08,177.53333333333333,59.45
2017-04-09,193.0,78.7875
2017-04-10,283.3333333333333,133.8625
2017-04-11,270.6666666666667,96.325
2017-04-12,294.0,136.5375
2017-04-13,365.0,187.0
2017-04-14,336.6666666666667,165.375
2017-04-15,375.0,163.71428571428572
2017-04-16,353.6666666666667,142.875
2017-04-17,370.0,160.9375
2017-04-18,341.6666666666667,121.8875
2017-04-19,346.0,125.13749999999999
2017-04-20,296.0,134.96666666666667
2017-04-21,274.0,132.11666666666667
2017-04-22,270.0,97.0
2017-04-23,110.0,55.300000000000004
2017-04-24,284.6666666666667,81.91428571428571
2017-04-25,197.83333333333334,63.92857142857143
2017-04-26,273.0,98.88571428571429
2017-04-27,257.6666666666667,88.02857142857144
2017-04-28,301.6666666666667,116.84285714285714
2017-04-29,221.0,71.91428571428571
2017-04-30,171.63333333333333,83.24285714285715
2017-05-01,214.66666666666666,123.08571428571429
2017-05-02,362.6666666666667,136.83333333333334
2017-05-03,344.0,124.38571428571429
2017-05-04,307.3333333333333,160.13333333333333
2017-05-05,336.3333333333333,150.66666666666666
2017-05-06,391.0,184.33333333333334
2017-05-07,355.0,152.16666666666666
2017-05-08,335.6666666666667,109.81666666666666
2017-05-09,217.66666666666666,92.91666666666667
2017-05-10,228.33333333333334,102.63333333333333
2017-05-11,493.6666666666667,213.0
2017-05-12,329.3333333333333,156.77142857142857
2017-05-13,310.0,189.15714285714284
2017-05-14,379.3333333333333,123.60000000000001
2017-05-15,312.3333333333333,133.3
2017-05-16,243.66666666666666,91.37142857142858
2017-05-17,190.5,105.41666666666667
2017-05-18,297.3333333333333,116.71428571428571
2017-05-19,343.0,97.89999999999999
2017-05-20,465.0,132.0
2017-05-21,416.6666666666667,124.14285714285714
2017-05-22,477.3333333333333,171.1142857142857
2017-05-23,207.0,91.44285714285715
2017-05-24,297.3333333333333,126.92857142857143
2017-05-25,275.0,153.45714285714286
2017-05-26,295.0,70.325
2017-05-27,152.46666666666667,61.6875
2017-05-28,153.46666666666667,70.375
2017-05-29,153.0,102.0
2017-05-30,151.05,101.5
2017-05-31,239.66666666666666,111.6875
2017-06-01,350.6666666666667,127.25
2017-06-02,354.6666666666667,80.475
2017-06-03,405.0,88.15714285714286
2017-06-04,316.3333333333333,66.3375
2017-06-05,316.0,120.83333333333333
2017-06-06,182.9,100.68571428571428
2017-06-07,139.2,50.614285714285714
2017-06-08,244.5,105.41428571428571
2017-06-09,223.5,76.15714285714286
2017-06-10,50.5,85.71428571428571
2017-06-11,126.33333333333333,69.9875
2017-06-12,273.3333333333333,64.75
2017-06-13,338.0,87.0
2017-06-14,344.3333333333333,119.6125
2017-06-15,166.0,72.925
2017-06-16,143.06666666666666,52.4875
2017-06-17,334.3333333333333,121.0875
2017-06-18,307.6666666666667,115.9375
2017-06-19,92.43333333333334,48.375
2017-06-20,110.60000000000001,72.35
2017-06-21,151.33333333333334,76.9
2017-06-22,197.33333333333334,66.075
2017-06-23,276.6666666666667,94.725
2017-06-24,259.3333333333333,108.375
2017-06-25,222.66666666666666,81.4125
2017-06-26,191.33333333333334,76.9875
2017-06-27,95.23333333333333,49.51428571428572
2017-06-28,79.96666666666667,44.975
2017-06-29,71.56666666666666,44.3
2017-06-30,157.70000000000002,73.1625
2017-07-01,119.3,35.371428571428574
2017-07-02,224.13333333333333,58.175
2017-07-03,349.0,61.5625
2017-07-04,399.0,90.6375
2017-07-05,204.5,58.7625
2017-07-06,141.0,98.5375
2017-07-07,290.0,63.375
2017-07-08,379.5,160.7375
2017-07-09,213.5,55.675
2017-07-10,125.0,85.0625
2017-07-11,93.6,34.35
2017-07-12,111.0,35.7125
2017-07-13,139.65,117.05
2017-07-14,116.3,41.699999999999996
2017-07-15,133.95,137.4125
2017-07-16,128.75,85.4125
2017-07-17,109.45,47.4
2017-07-18,184.0,54.3875
2017-07-19,95.45,37.0875
2017-07-20,91.95,32.5875
2017-08-10,175.5,30.175
2017-08-11,157.0,27.2
2017-08-12,,40.54
2017-08-13,,44.46666666666667
2017-08-14,,47.599999999999994
2017-08-15,156.5,46.6875
2017-08-16,161.8,55.987500000000004
2017-08-17,161.0,60.25714285714285
2017-08-18,88.8,49.6625
2017-08-19,,38.9
2017-08-20,,37.44
2017-08-21,,51.31666666666666
2017-08-22,90.1,47.6375
2017-08-23,63.75,57.5125
2017-08-24,,65.5
2017-08-25,99.9,52.1875
2017-08-26,115.25,58.41428571428571
2017-08-27,98.15,34.35125
2017-08-28,67.95,58.15
2017-08-29,78.25,102.4
2017-08-30,42.35,39.74285714285714
2017-08-31,40.0,33.45
2017-09-01,57.1,33.2125
2017-09-02,98.65,37.2
2017-09-03,162.3,49.175
2017-09-04,120.4,38.875
2017-09-05,141.3,39.128571428571426
2017-09-06,118.15,45.375
2017-09-07,149.05,76.7
2017-09-08,172.75,66.3625
2017-09-09,,69.61666666666666
2017-09-10,151.25,75.275
2017-09-11,147.3,69.02857142857142
2017-09-12,169.65,73.61428571428571
2017-09-13,167.0,92.325
2017-09-14,160.5,72.37142857142858
2017-09-15,,81.0
2017-09-16,,59.4
2017-09-17,115.0,62.6125
2017-09-18,148.5,71.175
2017-09-19,140.6,78.1125
2017-09-20,68.95,62.3875
2017-09-21,32.45,39.275
2017-09-22,36.3,40.675
2017-09-23,87.15,58.300000000000004
2017-09-24,139.0,68.3375
2017-09-25,262.0,82.925
2017-09-26,316.0,91.4
2017-09-27,318.5,91.4
2017-09-28,353.0,94.0
2017-09-29,267.0,92.7
2017-09-30,298.5,81.7
2017-10-01,317.0,77.15714285714286
2017-10-02,258.0,97.8625
2017-10-03,321.0,101.475
2017-10-04,183.0,92.8125
2017-10-05,226.5,87.8125
2017-10-06,307.5,99.2125
2017-10-07,339.5,122.25714285714285
2017-10-08,320.0,113.875
2017-10-09,342.0,116.3125
2017-10-10,333.0,121.2375
2017-10-11,385.0,137.675
2017-10-12,343.5,127.3375
2017-10-13,310.0,135.8875
2017-10-14,319.5,136.65
2017-10-15,386.0,153.1
2017-10-16,377.0,139.325
2017-10-17,382.0,154.75
2017-10-18,440.0,197.25
2017-10-19,647.0,512.9833333333333
2017-10-20,508.5,230.125
2017-10-21,433.0,161.28571428571428
2017-10-22,412.5,153.4
2017-10-23,441.5,179.125
2017-10-24,422.5,202.375
2017-10-25,361.5,190.125
2017-10-26,354.0,174.25
2017-10-27,380.0,175.875
2017-10-28,377.5,183.6875
2017-10-29,415.5,191.9125
2017-10-30,438.5,220.85
2017-10-31,333.5,195.7125
2017-11-01,298.5,189.625
2017-11-02,333.0,188.85
2017-11-03,342.0,196.375
2017-11-04,405.5,209.25
2017-11-05,435.5,235.875
2017-11-06,450.5,478.375
2017-11-07,389.5,549.875
2017-11-08,329.5,506.25
2017-11-09,279.35,385.375
2017-11-10,258.0,375.125
2017-11-11,310.5,469.5
2017-11-12,262.0,356.375
2017-11-13,224.0,248.0
2017-11-14,213.26666666666665,188.875
2017-11-15,190.33333333333334,176.25
2017-11-16,196.66666666666666,141.35
2017-11-17,145.0,145.0
2017-11-18,101.0,122.13333333333333
2017-11-19,184.0,148.0
2017-11-20,196.76666666666665,173.5
2017-11-21,183.86666666666667,173.325
2017-11-22,158.66666666666666,169.625
2017-11-23,258.5,179.0875
2017-11-24,220.0,177.75
2017-11-25,327.5,251.5
2017-11-26,369.6666666666667,191.25
2017-11-27,300.3333333333333,167.85714285714286
2017-11-28,338.6666666666667,193.625
2017-11-29,332.3333333333333,216.28571428571428
2017-11-30,353.0,186.42857142857142
2017-12-01,374.0,201.85714285714286
2017-12-02,422.3333333333333,240.0
2017-12-03,417.3333333333333,242.14285714285714
2017-12-04,399.3333333333333,214.57142857142858
2017-12-05,215.0,120.2625
2017-12-06,252.0,96.68571428571428
2017-12-07,221.0,111.7625
2017-12-08,319.90000000000003,170.625
2017-12-09,427.3333333333333,213.0
2017-12-10,417.0,222.875
2017-12-11,197.33333333333334,114.55
2017-12-12,285.3333333333333,134.15
2017-12-13,234.0,115.75714285714285
2017-12-14,283.3333333333333,123.5
2017-12-15,198.0,109.8
2017-12-16,178.0,102.6
2017-12-17,293.0,124.91428571428571
2017-12-18,312.6666666666667,182.48333333333335
2017-12-19,558.6666666666666,303.875
2017-12-20,531.0,265.5
2017-12-21,286.0,142.225
2017-12-22,246.33333333333334,115.5
2017-12-23,421.0,203.25
2017-12-24,466.6666666666667,263.875
2017-12-25,354.0,214.42857142857142
2017-12-26,389.3333333333333,211.375
2017-12-27,437.3333333333333,240.375
2017-12-28,411.6666666666667,223.25
2017-12-29,465.6666666666667,254.125
2017-12-30,394.0,264.14285714285717
2017-12-31,462.3333333333333,297.625
2018-01-01,506.6666666666667,269.2857142857143
2018-01-02,457.0,233.5
2018-01-03,474.0,264.125
2018-01-04,409.3333333333333,240.375
2018-01-05,475.6666666666667,261.2857142857143
2018-01-06,354.6666666666667,178.875
2018-01-07,303.0,155.625
2018-01-08,404.3333333333333,247.25
2018-01-09,348.0,194.75
2018-01-10,291.6666666666667,151.8375
2018-01-11,326.0,164.5
2018-01-12,352.0,208.0
2018-01-13,344.6666666666667,184.5
2018-01-14,348.0,164.625
2018-01-15,287.0,140.475
2018-01-16,391.6666666666667,230.25
2018-01-17,547.3333333333334,319.75
2018-01-18,431.6666666666667,210.625
2018-01-19,364.6666666666667,183.0625
2018-01-20,299.0,152.58333333333334
2018-01-21,464.0,210.0
2018-01-22,291.0,149.42857142857142
2018-01-23,270.0,120.2
2018-01-24,166.0,109.58333333333333
2018-01-25,252.0,129.04285714285714
2018-01-26,397.0,168.8125
2018-01-27,283.0,144.6875
2018-01-28,261.25,144.1625
2018-01-29,258.6666666666667,124.7875
2018-01-30,258.6666666666667,130.0
2018-01-31,304.6666666666667,143.35
2018-02-01,259.0,118.05
2018-02-02,216.33333333333334,94.8
2018-02-03,226.0,118.02857142857144
2018-02-04,304.6666666666667,137.65
2018-02-05,255.33333333333334,121.9625
2018-02-06,215.0,109.8
2018-02-07,359.6666666666667,176.1625
2018-02-08,377.0,142.57142857142858
2018-02-09,412.3333333333333,183.375
2018-02-10,267.0,135.125
2018-02-11,119.0,71.9125
2018-02-12,166.33333333333334,107.8625
2018-02-13,213.0,67.525
2018-02-14,148.33333333333334,83.775
2018-02-15,236.5,116.3625
2018-02-16,303.5,131.2125
2018-02-17,187.0,116.6875
2018-02-18,334.6666666666667,158.5
2018-02-19,369.0,152.625
2018-02-20,406.0,182.075
2018-02-21,364.6666666666667,164.35
2018-03-08,251.85714285714286,274.09090909090907
2018-03-09,175.42857142857142,193.72727272727272
2018-03-10,137.5,144.97272727272727
2018-03-11,165.57142857142858,191.0
2018-03-12,171.5,204.93
2018-03-13,219.5,234.1
2018-03-14,269.0,222.54545454545453
2018-03-15,263.6666666666667,207.66666666666666
2018-03-16,165.57142857142858,167.66363636363636
2018-03-17,150.0,147.75
2018-03-18,151.4,146.67000000000002
2018-03-19,167.6,174.28
2018-03-20,219.5,225.33333333333334
2018-03-21,170.8,190.875
2018-03-22,138.2,146.925
2018-03-23,136.8,116.25
2018-03-24,146.6,128.6625
2018-03-25,147.2,140.13333333333333
2018-03-26,175.8,182.66666666666666
2018-03-27,187.4,229.88888888888889
2018-03-28,156.28,207.44444444444446
2018-03-29,172.6,200.07777777777778
2018-03-30,203.2,198.88888888888889
2018-03-31,189.4,166.9625
2018-04-01,164.2,183.2375
2018-04-02,174.5,199.25
2018-04-03,184.75,203.57142857142858
2018-04-04,239.5,274.42857142857144
2018-04-05,206.25,248.85714285714286
2018-04-06,132.2,157.6375
2018-04-07,114.02000000000001,108.4
2018-04-08,116.38,108.5375
2018-04-15,265.5,119.66666666666667
2018-04-16,,101.39999999999999
2018-04-17,,86.43333333333334
2018-04-18,244.0,118.13333333333333
2018-04-19,223.66666666666666,124.10000000000001
2018-04-25,218.0,146.66666666666666
2018-04-26,199.0,139.25
2018-04-27,400.0,89.075
2018-04-28,,93.36666666666667
2018-04-29,,87.66666666666667
2018-04-30,160.6,47.5
2018-05-01,195.25,109.9375
2018-05-02,147.25,55.9375
2018-05-03,101.7,54.65
2018-05-04,186.5,68.745
2018-05-05,236.0,88.97999999999999
2018-05-06,270.1666666666667,105.57000000000001
2018-05-07,201.0,69.41
2018-05-08,154.2,66.11111111111111
2018-05-09,203.2,78.80375000000001
2018-05-10,271.75,105.6125
2018-05-11,290.8333333333333,126.13
2018-05-12,259.2,76.5
2018-05-13,87.86666666666667,71.14285714285714
2018-08-09,116.0,54.46
2018-08-10,105.06666666666666,61.98333333333333
2018-08-11,87.53333333333335,26.52
2018-08-12,99.83333333333333,40.35
2018-08-13,111.23333333333333,58.98333333333333
2018-08-14,112.33333333333333,41.474999999999994
2018-08-15,61.46666666666666,29.35
2018-08-16,60.86666666666667,73.77142857142857
2018-08-17,64.8,35.871428571428574
2018-08-18,100.65,72.22857142857143
2018-08-19,109.16666666666667,66.02857142857142
2018-08-20,63.06666666666666,36.94285714285714
2018-08-21,51.96666666666666,31.928571428571427
2018-08-22,81.46666666666665,105.01428571428572
2018-08-23,99.43333333333334,152.38285714285715
2018-08-24,85.83333333333333,34.6
2018-08-25,183.4,73.3142857142857
2018-08-26,63.333333333333336,59.61428571428571
2018-08-27,51.150000000000006,34.25714285714286
2018-08-28,57.1,43.18571428571429
2018-08-29,101.36666666666667,45.971428571428575
2018-08-30,161.0,59.228571428571435
2018-08-31,110.66666666666667,49.114285714285714
2018-09-01,86.53333333333335,35.18571428571429
2018-09-02,68.06666666666666,36.771428571428565
2018-09-03,111.39999999999999,78.07142857142857
2018-09-04,105.63333333333333,46.63333333333333
2018-09-05,140.0,120.65714285714286
2018-09-06,91.96666666666665,221.8857142857143
2018-09-07,64.06666666666668,32.266666666666666
2018-09-08,47.26666666666667,37.63333333333333
2018-09-09,73.16666666666667,36.785714285714285
2018-09-10,77.0,36.771428571428565
2018-09-11,103.89999999999999,46.778571428571425
2018-09-12,132.46666666666667,35.54
2018-09-13,111.60000000000001,35.91857142857143
2018-09-14,140.33333333333334,40.75
2018-09-15,124.33333333333333,45.760000000000005
2018-09-16,149.33333333333334,63.300000000000004
2018-09-17,159.33333333333334,87.58571428571429
2018-09-18,175.0,71.3
2018-09-19,169.33333333333334,88.62857142857142
2018-09-20,84.03333333333333,39.91428571428571
2018-09-21,31.53333333333333,32.74285714285714
2018-09-22,56.35,38.471428571428575
2018-09-23,37.4,38.0
2018-09-24,72.26666666666667,29.325714285714287
2018-09-25,98.3,64.95
2018-09-26,179.63333333333333,87.91666666666667
2018-09-27,193.66666666666666,111.53333333333335
2018-09-28,200.66666666666666,107.44000000000001
2018-09-29,152.0,71.075
2018-09-30,172.66666666666666,57.028571428571425
2018-10-01,165.0,92.6
2018-10-02,196.66666666666666,68.84285714285714
2018-10-03,215.0,107.47142857142856
2018-10-04,254.0,132.0
2018-10-05,177.33333333333334,84.24285714285715
2018-10-06,219.33333333333334,94.41428571428571
2018-10-07,291.6666666666667,133.62857142857143
2018-10-08,177.0,119.8
2018-10-09,147.25,83.75
2018-10-10,180.5,112.35000000000001
2018-10-11,174.5,122.61666666666667
2018-10-12,186.5,128.91666666666666
2018-10-13,176.0,132.78
2018-10-14,213.5,348.6
2018-10-15,281.0,142.88
2018-10-16,253.0,175.28571428571428
2018-10-17,193.86666666666667,164.29999999999998
2018-10-18,312.0,167.71428571428572
2018-10-19,292.5,194.0
2018-10-20,256.6666666666667,188.0
2018-10-21,232.66666666666666,152.63333333333333
2018-10-22,289.0,168.95714285714286
2018-10-23,354.3333333333333,228.14285714285714
2018-10-24,339.0,211.66666666666666
2018-10-25,329.0,216.5
2018-10-26,343.6666666666667,335.3333333333333
2018-10-27,321.0,197.16666666666666
2018-10-28,360.6666666666667,226.33333333333334
2018-10-29,395.6666666666667,279.6666666666667
2018-10-30,321.3333333333333,239.16666666666666
2018-10-31,300.3333333333333,216.33333333333334
2018-11-01,317.0,212.83333333333334
2018-11-02,246.0,167.16666666666666
2018-11-03,168.66666666666666,101.73333333333333
2018-11-04,430.6666666666667,250.14285714285714
2018-11-05,273.6666666666667,137.14285714285714
2018-11-06,318.6666666666667,203.28571428571428
2018-11-07,898.5,634.4285714285714
2018-11-08,410.0,308.2857142857143
2018-11-09,389.0,266.42857142857144
2018-11-10,375.3333333333333,281.7142857142857
2018-11-11,413.6666666666667,238.57142857142858
2018-11-12,386.6666666666667,232.42857142857142
2018-11-13,240.33333333333334,144.9
2018-11-14,175.33333333333334,97.32857142857142
2018-11-15,207.0,121.64285714285714
2018-11-16,251.66666666666666,144.6142857142857
2018-11-17,302.0,158.9
2018-11-18,273.6666666666667,172.28571428571428
2018-12-14,267.0,120.10000000000001
2018-12-15,,107.64000000000001
2018-12-20,411.6666666666667,218.9
2018-12-21,538.0,295.42857142857144
2018-12-22,732.0,385.0
2018-12-23,679.0,340.85714285714283
2018-12-24,410.0,227.57142857142858
2018-12-25,378.0,207.14285714285714
2018-12-26,470.6666666666667,245.0
2018-12-27,396.3333333333333,219.14285714285714
2019-01-02,546.3333333333334,288.14285714285717
2019-02-12,298.6666666666667,179.71428571428572
2019-02-13,260.0,157.28571428571428
2019-04-20,,65.6
2019-04-23,,42.2
2019-04-24,,44.8
2019-04-25,217.0,120.225
2019-04-26,320.3333333333333,77.88333333333333
2019-04-27,290.6666666666667,91.74
2019-04-28,285.3333333333333,138.91666666666666
2019-04-29,288.0,107.60000000000001
2019-04-30,341.3333333333333,127.51428571428572
2019-05-01,268.0,87.41428571428571
2019-05-02,115.76666666666667,44.97714285714286
2019-07-10,325.6666666666667,83.41428571428571
2019-07-11,144.33333333333334,56.199999999999996
2019-07-12,291.6666666666667,72.04285714285714
2019-07-13,268.3333333333333,64.31428571428572
2019-07-14,128.0,41.228571428571435
2019-07-15,73.89999999999999,31.47142857142857
2019-07-16,57.166666666666664,32.3
2019-07-17,73.7,31.771428571428572
2019-07-18,129.33333333333334,104.07142857142857
2019-07-19,92.73333333333333,40.357142857142854
2019-07-20,91.3,45.07142857142857
2019-07-21,108.23333333333333,58.699999999999996
2019-07-22,123.66666666666667,58.74285714285714
2019-07-23,154.33333333333334,64.28571428571429
2019-07-24,64.26666666666667,24.5
2019-07-25,45.1,32.07142857142857
2019-07-26,37.46666666666667,79.04285714285713
2019-07-27,37.666666666666664,21.96666666666667
2019-07-28,49.86666666666667,29.199999999999996
2019-07-29,92.13333333333333,31.25714285714286
2019-07-30,62.166666666666664,32.128571428571426
2019-07-31,58.1,34.95714285714286
2019-08-01,64.73333333333333,33.92857142857143
2019-08-02,72.86666666666666,36.51428571428571
2019-08-03,79.3,41.357142857142854
2019-08-04,110.63333333333333,46.957142857142856
2019-08-05,49.03333333333333,21.30857142857143
2019-08-06,62.56666666666666,22.214285714285715
2019-08-07,55.86666666666667,26.366666666666664
2019-08-08,44.800000000000004,18.066666666666666
2019-08-09,31.566666666666666,16.916666666666668
2019-08-10,48.833333333333336,22.26
2019-08-11,51.73333333333333,36.166666666666664
2019-08-12,56.1,23.956666666666667
2019-08-13,64.16666666666667,28.6
2019-08-14,46.36666666666667,33.86
2019-08-15,31.099999999999998,15.746666666666664
2019-08-16,16.533333333333335,14.458333333333334
2019-08-17,34.666666666666664,18.106666666666666
2019-08-18,76.86666666666666,37.833333333333336
2019-08-19,88.86666666666667,43.78333333333333
2019-08-20,118.63333333333333,47.833333333333336
2019-08-21,123.33333333333333,37.483333333333334
2019-08-22,124.3,52.28333333333333
2019-08-23,412.0,56.949999999999996
2019-08-24,51.833333333333336,29.816666666666666
2019-08-25,55.53333333333334,27.766666666666666
2019-08-26,85.83333333333333,37.28333333333333
2019-08-27,80.76666666666667,39.733333333333334
2019-08-28,60.833333333333336,28.7
2019-08-29,77.13333333333333,38.61666666666667
2019-08-30,86.3,81.05
2019-08-31,58.36666666666667,29.68
2019-09-01,75.8,36.96666666666667
2019-09-02,126.66666666666667,64.13333333333333
2019-09-03,125.33333333333333,62.75
2019-09-04,68.8,30.099999999999998
2019-09-05,74.36666666666666,31.383333333333336
2019-09-06,67.3,26.633333333333336
2019-09-07,66.7,29.983333333333334
2019-09-08,108.03333333333335,49.75
2019-09-09,133.46666666666667,68.96666666666667
2019-09-10,138.33333333333334,78.31666666666666
2019-09-11,106.86666666666667,51.71666666666667
2019-09-12,102.93333333333334,30.583333333333332
2019-09-13,57.36666666666667,20.416666666666668
2019-09-14,62.9,38.416666666666664
2019-09-15,97.03333333333335,46.98571428571428
2019-09-16,99.53333333333335,52.614285714285714
2019-09-17,71.6,25.485714285714284
2019-09-18,52.9,17.571428571428573
2019-09-19,79.06666666666666,31.942857142857147
2019-09-20,84.26666666666667,29.428571428571427
2019-09-21,51.06666666666666,18.814285714285713
2019-09-22,81.66666666666667,25.25714285714286
2019-09-23,73.3,23.771428571428572
2019-09-24,70.76666666666667,23.157142857142855
2019-09-25,44.300000000000004,14.657142857142857
2019-09-26,36.1,12.602857142857143
2019-09-27,44.03333333333333,14.857142857142858
2019-09-28,38.6,12.6
2019-09-29,62.63333333333333,21.67142857142857
2019-09-30,61.53333333333333,26.25714285714286
2019-10-01,73.5,38.80571428571428
2019-10-02,124.36666666666667,51.65714285714286
2019-10-03,95.2,43.68571428571429
2019-10-04,104.3,39.92857142857143
2019-10-05,129.33333333333334,54.728571428571435
2019-10-06,131.33333333333334,48.199999999999996
2019-10-07,106.96666666666665,46.81428571428571
2019-10-08,152.66666666666666,71.71428571428571
2019-10-09,173.0,92.68333333333334
2019-10-10,172.66666666666666,86.04285714285713
2019-10-11,197.0,96.01428571428572
2019-10-12,233.66666666666666,121.12857142857142
2019-10-13,214.0,110.18571428571428
2019-10-14,243.33333333333334,128.28571428571428
2019-10-15,240.5,131.0
2019-10-16,194.0,108.23333333333333
2019-10-17,155.0,76.54285714285713
2019-10-18,202.33333333333334,71.34285714285714
2019-10-19,192.66666666666666,90.24285714285715
2019-10-20,222.66666666666666,101.65714285714286
2019-10-21,185.66666666666666,82.22857142857143
2019-10-22,222.33333333333334,102.64285714285714
2019-10-23,316.0,162.0
2019-10-24,255.66666666666666,117.42857142857143
2019-10-25,228.33333333333334,131.0
2019-10-26,278.3333333333333,207.0
2019-10-27,537.3333333333334,340.42857142857144
2019-10-28,434.3333333333333,263.14285714285717
2019-10-29,423.0,231.0
2019-11-10,281.3333333333333,157.57142857142858
2019-11-11,498.0,339.7142857142857
2019-11-12,516.6666666666666,316.7142857142857
2019-11-13,536.0,300.2857142857143
2019-11-14,558.0,331.0
2019-11-15,263.0,148.42857142857142
2019-11-16,142.33333333333334,75.31428571428572
2019-11-17,155.33333333333334,161.75714285714284
2019-11-18,185.66666666666666,103.07142857142857
2019-11-19,253.33333333333334,151.28571428571428
2019-11-20,308.6666666666667,187.14285714285714
2019-11-21,280.3333333333333,162.57142857142858
2019-11-22,204.33333333333334,109.64285714285714
2019-11-23,153.66666666666666,92.42857142857143
2019-11-24,192.0,102.55714285714285
2019-11-25,193.0,102.04285714285713
2019-11-26,115.76666666666667,57.05714285714286
2019-11-27,49.76666666666667,29.900000000000002
2019-11-28,77.46666666666667,43.385714285714286
2019-11-29,140.33333333333334,78.21428571428571
2019-11-30,171.33333333333334,95.12857142857142
2019-12-01,181.66666666666666,111.31428571428572
2019-12-02,199.0,113.72857142857143
2019-12-03,232.0,133.66666666666666
2019-12-04,347.3333333333333,222.16666666666666
2019-12-05,331.0,202.57142857142858
2019-12-06,303.0,201.0
2019-12-07,315.3333333333333,213.16666666666666
2019-12-08,287.3333333333333,191.33333333333334
2019-12-09,309.0,186.0
2019-12-10,385.6666666666667,245.14285714285714
2019-12-11,370.6666666666667,239.85714285714286
2019-12-12,107.33333333333333,74.74285714285715
2019-12-13,125.76666666666667,64.25
2019-12-14,138.33333333333334,75.23333333333333
2019-12-15,117.33333333333333,66.48333333333333
2019-12-16,117.33333333333333,69.35000000000001
2019-12-17,201.33333333333334,114.0
2019-12-18,349.6666666666667,211.16666666666666
2019-12-19,463.0,271.6666666666667
2019-12-20,359.6666666666667,212.16666666666666
2019-12-21,170.0,120.86666666666667
2019-12-22,201.66666666666666,138.5
2019-12-23,390.0,216.66666666666666
2019-12-24,242.66666666666666,135.75
2019-12-25,273.0,173.33333333333334
2019-12-26,367.0,207.0
2019-12-27,437.5,248.5
2019-12-28,491.0,292.3333333333333
2019-12-29,473.0,270.0
2019-12-30,350.5,216.5
2019-12-31,540.0,368.5
2020-01-01,332.6666666666667,287.3333333333333
2020-01-02,290.0,209.33333333333334
2020-01-03,318.6666666666667,191.33333333333334
2020-01-04,268.0,149.66666666666666
2020-01-05,221.66666666666666,144.66666666666666
2020-01-06,162.66666666666666,106.48333333333333
2020-01-07,131.66666666666666,91.2
2020-01-08,142.0,76.5
2020-01-09,187.33333333333334,101.78333333333335
2020-01-10,194.33333333333334,113.01666666666667
2020-01-11,254.0,162.0
2020-01-12,310.6666666666667,181.83333333333334
2020-01-13,168.33333333333334,96.39999999999999
2020-01-14,164.0,91.48333333333333
2020-01-15,175.66666666666666,106.71666666666665
2020-01-16,155.66666666666666,88.26666666666667
2020-01-17,195.66666666666666,107.41666666666667
2020-01-18,179.33333333333334,101.81666666666666
2020-01-19,210.66666666666666,111.45
2020-01-20,292.6666666666667,171.16666666666666
2020-01-21,291.6666666666667,161.83333333333334
2020-01-22,125.66666666666667,60.35
2020-01-23,135.5,61.48333333333333
2020-01-24,235.66666666666666,113.8
2020-01-25,303.3333333333333,170.16666666666666
2020-01-26,353.6666666666667,180.0
2020-01-27,147.33333333333334,96.89999999999999
2020-01-28,140.66666666666666,61.98333333333334
2020-01-29,164.66666666666666,70.51666666666667
2020-01-30,156.33333333333334,70.23333333333333
2020-01-31,187.66666666666666,87.95
2020-02-01,192.66666666666666,89.86666666666667
2020-02-02,220.33333333333334,105.93333333333334
2020-02-03,341.6666666666667,154.5
2020-02-04,251.66666666666666,127.66666666666667
2020-02-05,192.66666666666666,93.93333333333334
2020-02-06,342.0,170.83333333333334
2020-02-07,206.0,111.13333333333333
2020-02-08,241.0,127.55
2020-02-09,284.3333333333333,145.5
2020-02-10,307.6666666666667,155.5
2020-02-11,284.3333333333333,134.66666666666666
2020-02-12,168.66666666666666,71.43333333333334
2020-02-13,156.66666666666666,60.68333333333334
2020-02-14,160.0,58.333333333333336
2020-02-15,217.33333333333334,96.0
2020-02-16,202.0,123.05
2020-02-17,215.33333333333334,92.26666666666667
2020-02-18,264.0,114.89999999999999
2020-02-19,195.33333333333334,81.43333333333334
2020-02-20,105.03333333333335,57.583333333333336
2020-02-21,108.83333333333333,58.76666666666667
2020-02-22,154.0,90.46666666666665
2020-02-23,120.66666666666667,58.86666666666667
2020-02-24,205.0,98.08333333333333
2020-02-25,223.0,116.66666666666667
2020-02-26,171.66666666666666,82.81666666666666
2020-02-27,130.33333333333334,69.66666666666667
2020-02-28,95.43333333333334,51.98333333333333
2020-02-29,81.89999999999999,35.75
2020-03-01,180.66666666666666,82.3
2020-03-02,157.0,73.60000000000001
2020-03-03,177.33333333333334,63.85
2020-03-04,59.76666666666667,29.3
2020-03-05,32.166666666666664,16.8
2020-03-06,75.43333333333334,32.18333333333333
2020-03-07,163.66666666666666,69.81666666666666
2020-03-08,113.36666666666667,43.96666666666667
2020-03-09,154.66666666666666,67.08333333333333
2020-03-10,98.86666666666667,46.949999999999996
2020-03-11,144.0,48.666666666666664
2020-03-12,167.66666666666666,53.949999999999996
2020-03-13,72.36666666666667,34.25
2020-03-14,105.66666666666667,45.583333333333336
2020-03-15,132.0,48.85
2020-03-16,144.33333333333334,52.73333333333333
2020-03-17,149.66666666666666,60.03333333333333
2020-03-18,147.66666666666666,66.53333333333333
2020-03-19,178.0,74.51666666666667
2020-03-20,156.0,60.6
2020-03-21,114.66666666666667,64.36666666666666
2020-03-22,97.53333333333335,53.4
2020-03-23,105.23333333333333,51.88333333333333
2020-03-24,62.53333333333333,30.133333333333336
2020-03-25,66.66666666666667,33.75
2020-03-26,35.1,19.866666666666667
2020-03-27,31.666666666666668,16.7
2020-03-28,39.6,18.566666666666666
2020-03-29,52.36666666666667,25.78333333333333
2020-03-30,57.13333333333333,23.616666666666664
2020-03-31,63.96666666666666,24.150000000000002
2020-04-01,51.4,19.849999999999998
2020-04-02,51.300000000000004,22.2
2020-04-03,69.63333333333334,29.566666666666666
2020-04-04,89.83333333333333,39.1
2020-04-05,109.33333333333333,43.71666666666667
2020-04-06,65.76666666666667,23.261666666666667
2020-04-07,70.26666666666667,20.966666666666665
2020-04-08,70.53333333333333,26.03333333333333
2020-04-09,91.96666666666665,37.266666666666666
2020-04-10,115.33333333333333,42.03333333333334
2020-04-11,84.23333333333333,26.46666666666667
2020-04-12,118.33333333333333,38.25
2020-04-13,135.66666666666666,42.75
2020-04-14,183.66666666666666,46.11666666666667
2020-04-15,126.43333333333334,51.28333333333333
2020-04-16,55.06666666666666,21.333333333333332
2020-04-17,82.53333333333333,21.95
2020-04-18,44.5,25.666666666666668
2020-04-19,57.63333333333333,36.36666666666667
2020-04-20,54.366666666666674,28.566666666666666
2020-04-21,73.3,40.800000000000004
2020-04-22,71.03333333333333,42.949999999999996
2020-04-23,57.0,49.76666666666667
2020-04-25,56.56666666666666,35.56666666666667
2020-04-26,33.56666666666666,23.516666666666666
2020-04-27,48.23333333333333,32.53333333333333
2020-04-28,74.0,50.36666666666667
2020-04-29,75.33333333333333,46.36666666666667
2020-04-30,82.66666666666667,51.550000000000004
2020-05-01,62.9,31.099999999999998
2020-05-02,44.6,32.61666666666667
2020-05-03,37.03333333333333,23.416666666666668
2020-05-04,65.10000000000001,46.9
2020-05-05,92.33333333333333,36.6
2020-05-06,39.4,34.35
2020-05-07,78.33333333333333,42.36666666666667
2020-05-08,97.7,44.199999999999996
2020-05-09,78.45,35.25
2020-05-10,86.6,43.300000000000004
2020-05-11,82.65,37.333333333333336
2020-05-12,89.9,33.86666666666667
2020-05-13,138.0,35.13333333333333
2020-05-14,128.0,39.78333333333333
2020-05-15,155.5,63.050000000000004
2020-05-16,185.0,72.38
2020-05-17,211.5,75.56
2020-05-18,201.5,81.82000000000001
2020-05-19,160.5,57.339999999999996
2020-05-20,152.0,46.54
2020-05-21,224.5,77.12
2020-05-22,206.66666666666666,66.52000000000001
2020-05-23,181.33333333333334,56.3
2020-05-24,150.33333333333334,47.975
2020-05-25,160.66666666666666,42.22
2020-05-26,153.33333333333334,43.56
2020-05-27,195.66666666666666,32.5
2020-05-28,54.73333333333333,24.46
2020-05-29,67.96666666666667,19.86
2020-05-30,43.4,17.842000000000002
2020-05-31,99.0,35.480000000000004
2020-06-01,95.43333333333334,40.43333333333333
2020-06-02,118.66666666666667,46.48333333333333
2020-06-03,117.75,58.5
2020-06-04,65.05,36.699999999999996
2020-06-05,42.95,28.900000000000002
2020-06-06,75.55,33.11666666666667
2020-06-07,80.7,42.5
2020-06-08,117.5,59.5
2020-06-09,129.5,48.98333333333333
2020-06-10,77.425,63.81666666666666
2020-06-11,104.5,53.300000000000004
2020-06-12,82.4,45.71666666666667
2020-06-13,116.5,58.68333333333334
2020-06-14,79.025,42.06666666666667
2020-06-15,64.175,32.1
2020-06-16,58.2,31.349999999999998
2020-06-17,69.875,34.86666666666667
2020-06-18,144.25,50.28333333333333
2020-06-19,83.175,32.483333333333334
2020-06-20,76.05,38.25
2020-06-21,58.775,38.050000000000004
2020-06-22,41.025,26.53333333333333
2020-06-23,42.225,34.699999999999996
2020-06-24,57.7,78.58333333333333
2020-06-25,87.5,76.10000000000001
2020-06-26,110.0,34.949999999999996
2020-06-27,226.25,41.0
2020-06-28,125.75,37.86666666666667
2020-06-29,87.32000000000001,32.81666666666667
2020-06-30,95.0,48.71666666666667
2020-07-01,107.4,59.199999999999996
2020-07-02,112.2,52.800000000000004
2020-07-03,73.08,36.15
2020-07-04,43.62,29.849999999999998
2020-07-05,84.32000000000001,43.42
2020-07-06,33.0,11.606666666666667
2020-07-07,47.279999999999994,22.400000000000002
2020-07-08,60.54,23.033333333333335
2020-07-09,68.66,26.666666666666668
2020-07-10,62.1,20.243333333333336
2020-07-11,49.275,21.0
2020-07-12,114.55999999999999,30.333333333333332
2020-07-13,151.4,48.65
2020-07-14,108.25,40.56
2020-07-15,70.2,27.6
2020-07-16,71.14,35.66166666666667
2020-07-17,79.275,41.06
2020-07-18,52.75,24.66
2020-07-19,67.175,24.3
2020-07-20,46.1,20.18
2020-07-21,58.400000000000006,17.9
2020-07-22,85.375,30.78
2020-07-23,92.7,41.82
2020-07-24,67.475,35.160000000000004
2020-07-25,84.15,40.44
2020-07-26,104.625,35.88
2020-07-27,87.85,30.619999999999997
2020-07-28,64.725,21.836000000000002
2020-07-29,53.224999999999994,20.919999999999998
2020-07-30,70.5,33.44
2020-08-02,,14.0
2020-08-03,63.1,17.956
2020-08-04,102.975,45.739999999999995
2020-08-05,62.125,17.86
2020-08-06,41.125,25.220000000000002
2020-08-07,88.75,68.5
2020-08-08,51.225,80.58
2020-08-09,53.325,27.18
2020-08-10,82.6,37.480000000000004
2020-08-11,63.25,50.4064
2020-08-12,23.275,18.080000000000002
2020-08-13,40.4,20.78
2020-08-14,49.9,30.32
2020-08-15,46.725,25.14
2020-08-16,46.83,7.600000000000001
2020-08-17,59.08,27.203333333333333
2020-08-18,39.760000000000005,18.34
2020-08-19,49.06,19.73
2020-08-20,50.839999999999996,24.6
2020-08-21,46.660000000000004,19.900000000000002
2020-08-22,40.480000000000004,21.325000000000003
2020-08-23,32.019999999999996,17.16333333333333
2020-08-24,43.08,17.286666666666665
2020-08-25,62.42,19.3
2020-08-26,49.6,20.151666666666667
2020-08-27,64.16,57.38333333333333
2020-08-28,79.84,30.46666666666667
2020-08-29,53.5,19.259999999999998
2020-08-30,26.380000000000003,5.0600000000000005
2020-08-31,46.3,17.733333333333334
2020-09-01,55.739999999999995,20.383333333333333
2020-09-02,68.56,31.031666666666666
2020-09-03,73.32000000000001,34.483333333333334
2020-09-04,70.52000000000001,30.75
2020-09-05,53.08,27.2
2020-09-06,54.67999999999999,37.56666666666667
2020-09-07,66.97999999999999,15.280000000000001
2020-09-08,114.85999999999999,53.5
2020-09-09,117.02000000000001,55.1
2020-09-10,143.7,63.220000000000006
2020-09-11,147.14000000000001,70.43333333333334
2020-09-12,145.2,65.08333333333333
2020-09-13,160.0,70.16666666666667
2020-09-14,141.6,66.88333333333334
2020-09-15,151.4,67.13333333333334
2020-09-16,163.2,111.23333333333333
2020-09-17,107.97999999999999,40.03333333333333
2020-09-18,122.2,52.849999999999994
2020-09-19,149.2,64.78333333333335
2020-09-20,146.2,60.35
2020-09-21,93.44,38.800000000000004
2020-09-22,67.24,25.186666666666667
2020-09-23,90.64,33.050000000000004
2020-09-24,189.8,62.6
2020-09-25,179.4,66.31666666666666
2020-09-26,124.42,38.96666666666667
2020-09-27,206.4,62.61666666666667
2020-09-28,199.4,64.66666666666667
2020-09-29,173.0,52.53333333333333
2020-09-30,169.76,71.66666666666667
2020-10-01,201.8,74.58333333333333
2020-10-02,200.4,74.01666666666667
2020-10-03,220.75,118.32000000000001
2020-10-04,224.0,77.8
2020-10-05,208.2,80.11666666666666
2020-10-06,221.2,89.71666666666665
2020-10-07,218.0,85.53333333333335
2020-10-08,207.0,84.36666666666666
2020-10-09,217.6,77.91666666666667
2020-10-10,209.4,88.16666666666667
2020-10-11,263.0,120.66666666666667
2020-10-12,242.8,114.63333333333333
2020-10-13,232.4,122.5
2020-10-14,326.6,164.33333333333334
2020-10-15,253.2,104.93333333333334
2020-10-16,282.8,119.66666666666667
2020-10-17,230.2,94.73333333333333
2020-10-18,224.4,90.75
2020-10-19,266.0,105.76666666666667
2020-10-20,300.4,110.71666666666665
2020-10-21,358.2,148.16666666666666
2020-10-22,401.4,192.5
2020-10-23,369.6,172.66666666666666
2020-10-24,363.0,186.33333333333334
2020-10-25,356.4,174.33333333333334
2020-10-26,335.0,147.0
2020-10-27,362.2,178.33333333333334
2020-10-28,418.2,225.33333333333334
2020-10-29,382.0,192.5
2020-10-30,452.4,257.3333333333333
2020-10-31,279.8,165.0
2020-11-01,301.2,134.33333333333334
2020-11-02,332.6,178.83333333333334
2020-11-03,560.6,291.6666666666667
2020-11-04,448.0,247.16666666666666
2020-11-05,456.6,249.16666666666666
2020-11-06,543.2,325.0
2020-11-07,546.6,353.3333333333333
2020-11-08,721.6,458.5
2020-11-09,724.6,450.0
2020-11-10,363.2,162.33333333333334
2020-11-11,341.0,147.0
2020-11-12,329.2,144.43333333333334
2020-11-13,580.6,355.1666666666667
2020-11-14,463.6,262.03333333333336
2020-11-15,134.2,75.85
2020-11-16,135.4,69.64999999999999
2020-11-17,169.8,92.5
2020-11-18,227.0,116.5
2020-11-19,215.8,120.66666666666667
2020-11-20,184.64000000000001,92.88333333333333
2020-11-21,217.4,116.7
2020-11-22,318.8,155.5
2020-11-23,379.8,181.8
2020-11-24,420.75,202.5
2020-11-25,203.4,130.1
2020-11-26,139.22,60.26666666666667
2020-11-27,196.8,90.95
2020-11-28,223.75,100.17999999999999
2020-11-29,281.2,139.16666666666666
2020-11-30,388.0,187.83333333333334
2020-12-01,345.4,180.0
2020-12-02,279.0,147.86666666666667
2020-12-03,360.4,192.8166666666667
2020-12-04,342.0,193.61666666666667
2020-12-05,380.2,201.5
2020-12-06,421.4,235.83333333333334
2020-12-07,368.0,206.0
2020-12-08,364.4,177.16666666666666
2020-12-09,261.4,121.83333333333333
2020-12-10,274.8,127.08333333333333
2020-12-13,129.0,70.13333333333333
2020-12-14,185.0,107.05
2020-12-15,183.8,101.11666666666667
2020-12-16,199.0,112.33333333333333
2020-12-17,229.4,100.58333333333333
2020-12-18,318.2,154.66666666666666
2020-12-19,290.8,138.5
2020-12-20,260.2,139.33333333333334
2020-12-21,443.8,192.83333333333334
2020-12-22,562.4,326.1666666666667
2020-12-23,464.2,253.33333333333334
2020-12-24,332.2,178.83333333333334
2020-12-25,327.6,166.33333333333334
2020-12-26,394.6,224.16666666666666
2020-12-27,271.8,105.8
2020-12-28,268.8,103.58333333333333
2020-12-29,220.4,121.01666666666667
2020-12-30,317.4,181.0
2020-12-31,568.2,324.3333333333333
2021-01-01,450.4,299.6666666666667
2021-01-02,120.62,78.48333333333333
2021-01-03,112.5,74.25
2021-01-04,80.88,50.23333333333334
2021-01-05,167.6,106.95
2021-01-06,160.0,89.46666666666668
2021-01-07,220.0,122.76666666666667
2021-01-08,208.4,113.55
2021-01-09,167.4,103.83333333333333
2021-01-10,157.2,92.2
2021-01-11,233.6,134.03333333333333
2021-01-12,340.8,196.1
2021-01-13,573.0,343.3333333333333
2021-01-14,560.0,328.6666666666667
2021-01-15,308.8,208.01666666666665
2021-01-16,245.0,167.26
2021-01-17,349.0,230.33333333333334
2021-01-18,352.2,209.66666666666666
2021-01-19,171.6,88.35000000000001
2021-01-20,213.2,170.54999999999998
2021-01-21,337.4,205.5
2021-01-22,211.0,128.46666666666667
2021-01-23,291.6,162.86666666666667
2021-01-24,259.4,138.23333333333332
2021-01-25,270.6,142.23333333333332
2021-01-26,353.25,174.4
2021-02-04,191.2,77.93333333333332
2021-02-05,147.2,75.75
2021-02-06,201.4,99.61666666666667
2021-02-07,282.4,141.66666666666666
2021-02-08,324.6,160.66666666666666
2021-02-09,253.6,113.6
2021-02-10,275.6,155.5
2021-02-11,320.4,168.18333333333334
2021-02-12,243.8,148.15
2021-02-13,322.6,156.33333333333334
2021-02-14,357.2,199.5
2021-02-15,298.8,116.95
2021-02-16,291.2,120.23333333333333
2021-02-17,308.8,136.66666666666666
2021-02-18,278.6,135.20000000000002
2021-02-20,264.6,113.5
2021-02-21,245.4,105.38333333333333
2021-02-22,280.4,71.32000000000001
2021-02-23,231.4,57.2
2021-02-24,327.4,153.85
2021-02-25,243.2,97.31666666666666
2021-02-26,132.2,56.1
2021-02-28,219.2,70.18333333333334
2021-03-01,189.8,59.06666666666666
2021-03-02,156.8,60.48
2021-03-03,347.6,154.2
2021-03-04,211.2,83.7
2021-03-05,242.0,72.2
2021-03-06,285.6,99.03333333333335
2021-03-07,253.6,96.2
2021-03-08,308.4,126.3
2021-03-09,292.6,99.46666666666665
2021-03-10,338.0,100.6
2021-03-11,184.0,40.800000000000004
2021-03-12,263.5,66.06666666666666
2021-03-13,200.5,68.53333333333335
2021-03-14,256.0,75.66666666666667
2021-03-15,311.0,83.03333333333335
2021-03-16,364.0,85.13333333333334
2021-03-17,437.0,128.33333333333334
2021-03-18,179.0,45.75
2021-03-19,278.5,72.3
2021-03-20,330.0,105.56666666666666
2021-03-21,229.0,67.76666666666667
2021-03-22,264.0,108.93333333333334
2021-03-23,281.0,72.56666666666666
2021-03-24,159.0,59.23333333333333
2021-03-25,228.0,59.35
2021-03-26,276.0,102.45
2021-03-27,506.0,203.0
2021-03-28,267.5,76.35
2021-03-29,380.0,99.9
2021-03-30,336.5,112.0
2021-04-01,212.5,64.8
2021-04-02,233.5,82.9
2021-04-04,352.0,107.5
2021-04-05,353.5,107.0
2021-04-06,239.5,70.89999999999999
2021-04-07,138.0,46.9
2021-04-08,239.5,85.76666666666667
2021-04-09,224.0,67.95
2021-04-12,292.0,78.13333333333334
2021-04-13,253.0,66.33333333333333
2021-04-14,284.0,71.3
2021-04-15,337.0,100.3
2021-04-16,81.5,14.25
2021-04-17,174.0,55.9
2021-04-18,286.5,93.6
2021-04-19,161.5,66.25
2021-04-20,113.0,39.3
2021-04-21,145.0,42.76666666666667
2021-04-22,129.0,44.05
2021-04-23,107.75,26.45
2021-04-26,438.0,156.0
2021-04-27,431.5,109.33333333333333
2021-04-28,361.5,83.86666666666666
2021-04-29,388.0,133.0
2021-04-30,325.0,64.0
2021-05-02,,44.25
2021-05-03,,56.4
2021-05-04,206.0,62.43333333333334
2021-05-05,171.0,41.599999999999994
2021-05-07,147.5,41.25
2021-05-08,137.0,37.9
2021-05-09,133.5,33.5
2021-05-11,157.0,48.166666666666664
2021-05-12,102.5,30.066666666666663
2021-05-13,,32.0
2021-05-14,270.0,85.5
2021-05-15,137.0,19.0
2021-05-16,219.0,95.2
2021-05-17,61.95,24.566666666666663
2021-05-18,,56.0
2021-05-19,45.05,12.5
2021-05-24,188.5,71.8
2021-05-25,167.5,43.6
2021-05-27,147.5,47.75
2021-05-28,55.5,26.4
2021-05-30,250.5,86.7
2021-05-31,331.75,51.9
2021-06-01,104.95,32.8
2021-06-02,131.5,32.699999999999996
2021-06-03,106.5,37.1
2021-06-04,129.0,36.733333333333334
2021-06-05,207.0,
2021-06-06,225.5,59.25
2021-06-07,362.0,91.55
2021-06-09,186.0,32.150000000000006
2021-06-10,58.0,59.8
2021-06-11,101.05,9.52
2021-06-12,102.8,28.2
2021-06-13,89.36666666666667,25.766666666666666
2021-06-14,78.3,24.799999999999997
2021-06-15,67.325,31.0
2021-06-18,50.156,26.25
2021-06-19,45.739999999999995,21.240000000000002
2021-06-20,64.28,34.12
2021-06-21,138.78,44.24
2021-06-22,239.0,52.199999999999996
2021-06-23,150.4,56.275
2021-06-25,87.44,12.85
2021-06-26,346.5,52.95
2021-06-27,142.38,67.35000000000001
2021-06-28,243.6,77.39999999999999
2021-06-29,236.8,59.025000000000006
2021-06-30,126.2,30.580000000000002
2021-07-02,218.8,44.575
2021-07-03,116.72,46.175
2021-07-04,147.4,33.93333333333333
2021-07-05,170.8,35.95
2021-07-07,248.0,49.23333333333333
2021-07-08,122.02000000000001,38.125
2021-07-09,72.375,43.8
2021-07-11,55.3,35.6
2021-07-12,47.8,28.140000000000004
2021-07-13,70.0,46.914
2021-07-14,82.975,39.475
2021-07-15,79.35,43.3
2021-07-16,112.5,34.65
2021-07-17,66.8,24.575
2021-07-18,25.125,12.237499999999999
2021-07-19,45.7,13.956666666666669
2021-07-20,43.775,21.125
2021-07-21,73.275,20.625
2021-07-22,48.325,32.825
2021-07-23,97.96666666666665,17.755
2021-07-24,67.3,23.85
2021-08-24,105.47999999999999,27.933333333333334
2021-08-31,63.3,29.96
2021-09-01,52.18000000000001,23.96666666666667
2021-09-02,45.32,24.233333333333334
2021-09-03,52.660000000000004,28.099999999999998
2021-09-04,58.6,33.333333333333336
2021-09-05,89.62,46.550000000000004
2021-09-06,74.46000000000001,34.78333333333333
2021-09-07,59.879999999999995,20.846666666666668
2021-09-08,70.78,27.32
2021-09-09,68.44,32.333333333333336
2021-09-10,41.92,14.709999999999999
2021-09-11,60.239999999999995,24.96666666666667
2021-09-12,86.78,32.13333333333333
2021-09-13,74.8,24.316666666666666
2021-09-14,63.419999999999995,21.650000000000002
2021-09-15,71.17999999999999,19.35
2021-09-16,63.239999999999995,23.349999999999998
2021-09-17,79.22,25.400000000000002
2021-09-18,70.47999999999999,26.900000000000002
2021-09-19,77.38333333333334,29.099999999999998
2021-09-20,71.91666666666667,31.142857142857142
2021-09-21,68.17999999999999,25.400000000000002
2021-09-22,73.14999999999999,26.385714285714283
2021-09-23,74.14999999999999,25.47142857142857
2021-09-24,89.86666666666667,31.657142857142855
2021-09-25,86.75,42.228571428571435
2021-09-26,132.66666666666666,47.98571428571428
2021-09-27,116.31666666666666,52.58571428571429
2021-09-28,72.43333333333334,29.105
2021-09-29,91.36666666666667,35.028571428571425
2021-10-12,259.4,79.91428571428571
2021-10-13,222.83333333333334,65.78571428571429
2021-10-14,254.5,88.44285714285715
2021-10-15,348.3333333333333,162.14285714285714
2021-10-16,171.9333333333333,96.89999999999999
2021-10-17,41.85,15.998571428571427
2021-10-18,117.2,42.042857142857144
2021-10-19,241.16666666666666,94.8
2021-10-20,267.5,63.142857142857146
2021-10-21,202.83333333333334,53.67142857142857
2021-10-22,175.16666666666666,58.17142857142857
2021-10-23,155.83333333333334,54.87142857142857
2021-10-24,120.85000000000001,38.74285714285714
2021-10-25,188.5,61.825
2021-10-26,277.0,81.2
2021-10-27,308.3333333333333,104.2875
2021-10-28,345.1666666666667,145.0
2021-10-29,279.3333333333333,96.55
2021-10-30,338.6666666666667,129.4875
2021-10-31,290.0,133.7
2021-11-01,258.75,121.375
2021-11-02,314.5,138.7
2021-11-03,510.8333333333333,291.75
2021-11-04,836.3333333333334,520.125
2021-11-05,500.3333333333333,296.75
2021-11-06,403.8333333333333,232.0
2021-11-07,478.8333333333333,228.625
2021-11-08,447.0,235.75
2021-11-09,420.3333333333333,202.625
2021-11-10,543.3333333333334,267.75
2021-11-11,595.5,342.25
2021-11-12,450.6666666666667,223.625
2021-11-13,362.3333333333333,161.14285714285714
2021-11-14,376.6666666666667,184.42857142857142
2021-11-15,434.1666666666667,234.57142857142858
2021-11-16,373.0,196.5
2021-11-17,370.6666666666667,199.25
2021-11-18,412.0,210.375
2021-11-19,392.8333333333333,211.0
2021-11-20,360.0,177.42857142857142
2021-11-21,283.5,109.5375
2021-11-22,304.6666666666667,129.1125
2021-11-23,418.0,203.625
2021-11-24,453.0,229.25
2021-11-25,514.1666666666666,263.75
2021-11-26,434.6666666666667,239.5
2021-11-27,481.8333333333333,256.375
2021-11-28,369.6666666666667,175.625
2021-11-29,293.3,144.5125
2021-11-30,396.8333333333333,212.125
2021-12-01,428.6666666666667,207.875
2021-12-02,345.8333333333333,162.375
2021-12-03,332.3333333333333,168.375
2021-12-04,316.5,155.85714285714286
2021-12-05,272.5,124.0125
2021-12-06,239.83333333333334,89.7
2021-12-07,256.8333333333333,93.7125
2021-12-08,325.0,134.6125
2021-12-09,278.1666666666667,127.3
2021-12-10,226.66666666666666,99.5125
2021-12-11,244.16666666666666,126.6875
2021-12-12,342.0,184.0
2021-12-13,377.1666666666667,216.375
2021-12-14,327.1666666666667,185.0
2021-12-15,380.3333333333333,199.0
2021-12-16,276.0,133.375
2021-12-17,256.5,111.2125
2021-12-18,261.5,112.725
2021-12-19,279.0,135.75
2021-12-20,336.25,231.5
2021-12-21,552.6666666666666,337.625
2021-12-22,572.1666666666666,345.25
2021-12-23,381.1666666666667,242.25
2021-12-24,524.8333333333334,300.875
2021-12-25,593.6,346.5
2021-12-26,169.01666666666668,84.6625
2021-12-27,206.8,123.92857142857143
2021-12-28,226.66666666666666,112.9625
2021-12-29,346.8333333333333,162.125
2021-12-30,397.8333333333333,144.15
2021-12-31,430.3333333333333,241.25
2022-01-01,402.5,249.625
2022-01-02,359.40000000000003,238.625
2022-01-03,394.5,209.5
2022-01-04,319.5,221.75
2022-01-05,139.5,89.775
2022-01-06,101.89999999999999,49.67142857142857
2022-01-07,63.333333333333336,42.1875
2022-01-08,58.75,37.825
2022-01-09,142.79999999999998,74.9625
2022-01-10,160.6,87.18571428571428
2022-01-11,203.16666666666666,86.8625
2022-01-12,345.1666666666667,205.0
2022-01-13,309.3333333333333,173.125
2022-01-14,199.0,100.4
2022-01-15,216.66666666666666,119.39999999999999
2022-01-16,283.5,135.92857142857142
2022-01-17,343.1666666666667,155.0375
2022-01-18,319.6666666666667,160.225
2022-01-19,376.8333333333333,187.625
2022-01-20,344.8333333333333,175.28571428571428
2022-01-21,213.0,128.8125
2022-01-22,159.05,82.55
2022-01-23,207.0,106.51428571428572
2022-01-24,193.83333333333334,86.51666666666667
2022-01-25,267.1666666666667,116.14999999999999
2022-01-27,413.4,115.04285714285713
2022-01-28,325.3333333333333,118.95714285714287
2022-01-29,277.3333333333333,123.01428571428572
2022-01-30,357.8333333333333,172.79999999999998
2022-01-31,319.8333333333333,148.12857142857143
2022-02-01,252.66666666666666,146.0
2022-02-02,211.66666666666666,128.42857142857142
2022-02-03,120.76666666666667,50.01428571428572
2022-02-04,235.33333333333334,107.89999999999999
2022-02-05,285.6666666666667,136.95714285714286
2022-03-24,268.0,86.17142857142858
2022-03-25,274.0,72.14
2022-03-26,248.33333333333334,67.3
2022-03-27,452.75,119.4
2022-03-28,337.6,82.45
2022-03-29,390.5,110.38
2022-03-30,336.25,126.8
2022-03-31,204.16666666666666,69.92857142857143
2022-04-01,265.5,97.75
2022-04-02,283.5,98.13333333333333
2022-04-03,318.0,108.03333333333335
2022-04-04,238.28333333333333,86.33333333333333
2022-04-05,322.8333333333333,101.35714285714286
2022-04-06,304.3333333333333,94.84285714285714
2022-04-07,304.1666666666667,108.88571428571429
2022-04-08,306.6,95.31666666666666
2022-04-09,368.75,103.08
2022-04-10,313.6666666666667,78.175
2022-04-11,223.66666666666666,66.05714285714285
2022-04-12,308.6666666666667,85.98571428571428
2022-04-13,357.8333333333333,89.52857142857144
2022-04-14,217.8,60.260000000000005
2022-04-15,260.1666666666667,80.86666666666667
2022-04-16,296.75,104.56666666666666
2022-04-17,335.5,115.16666666666667
2022-04-18,376.0,114.5
2022-04-19,283.5,79.83333333333333
2022-04-20,409.4,119.25
2022-04-21,237.4,64.14999999999999
2022-04-22,303.5,74.075
2022-04-23,301.6,102.46
2022-04-24,304.8,89.975
2022-04-25,257.5,87.8
2022-04-26,381.25,199.0
2022-04-27,309.0,117.43333333333334
2022-04-28,357.0,116.2
2022-04-29,274.0,94.835
2022-04-30,297.8,89.14000000000001
2022-05-01,229.6,66.58
2022-05-02,230.0,45.260000000000005
2022-05-03,199.0,100.62199999999999
2022-05-04,184.6,85.38
2022-05-05,308.3333333333333,115.7
2022-05-06,260.0,80.95
2022-05-07,210.5,95.53333333333335
2022-05-08,150.5,58.63333333333333
2022-05-09,151.25,54.125
2022-05-10,173.33333333333334,53.73333333333333
2022-05-11,173.5,52.56666666666666
2022-05-12,204.0,78.76666666666667
2022-05-13,270.75,83.89999999999999
2022-05-14,282.0,116.97999999999999
2022-05-15,382.0,88.78571428571429
2022-05-16,295.2,71.84
2022-05-17,258.3333333333333,52.849999999999994
2022-05-18,288.0,56.8
2022-05-19,330.0,70.17999999999999
2022-05-20,415.8,65.84
2022-05-21,230.66666666666666,24.6
2022-05-22,100.88,19.54
2022-05-23,90.4,24.34
2022-05-24,182.6,57.14
2022-05-25,240.0,94.4
2022-05-26,247.66666666666666,82.9
2022-05-27,423.5,87.2
2022-05-28,275.6666666666667,81.13333333333334
2022-05-29,202.8,56.125
2022-05-30,316.3333333333333,85.06666666666666
2022-05-31,444.0,121.975
2022-06-01,246.0,74.26666666666667
2022-06-02,221.25,87.52000000000001
2022-06-03,213.25,78.7
2022-06-04,282.6666666666667,59.199999999999996
2022-06-05,210.4,53.54
2022-06-06,416.8,108.2
2022-06-07,311.2,67.375
2022-06-08,271.75,71.73333333333333
2022-06-09,354.8,81.95
2022-06-10,252.8,71.675
2022-06-11,260.0,71.06666666666666
2022-06-12,155.2,54.175
2022-06-13,253.75,67.36666666666666
2022-06-14,136.5,40.375
2022-06-15,131.33333333333334,52.36666666666667
2022-06-16,66.67999999999999,16.0925
2022-06-17,60.525000000000006,28.833333333333332
2022-06-18,87.6,24.700000000000003
2022-06-19,99.95,41.300000000000004
2022-06-20,107.14000000000001,35.95
2022-06-21,127.8,40.800000000000004
2022-07-03,147.33333333333334,34.833333333333336
2022-07-04,117.225,31.65
2022-07-05,90.44000000000001,48.025
2022-07-06,81.9,30.375
2022-07-07,71.97999999999999,22.700000000000003
2022-07-08,90.56666666666666,16.8
2022-07-09,77.8,16.366666666666664
2022-07-10,91.225,23.166666666666668
2022-07-11,94.625,59.06666666666666
2022-07-12,84.1,32.266666666666666
2022-07-13,96.325,18.133333333333333
2022-07-14,84.35,10.1
2022-07-15,55.175000000000004,14.133333333333335
2022-07-16,71.3,16.3
2022-07-17,110.275,37.86666666666667
2022-07-18,113.25,26.7
2022-07-19,71.125,30.0
2022-07-20,98.63333333333333,34.6
2022-07-21,91.775,32.333333333333336
2022-07-22,63.9,17.5
2022-07-23,50.03333333333333,16.866666666666664
2022-07-24,60.05,16.166666666666668
2022-07-25,61.199999999999996,8.86
2022-07-26,75.14,27.0
2022-07-27,53.849999999999994,12.166666666666666
2022-07-28,56.5,12.735
2022-07-29,52.779999999999994,23.325
2022-07-30,64.06666666666666,15.866666666666667
2022-07-31,66.475,17.122
2022-08-01,179.12,28.78
2022-08-02,85.0,27.0
2022-09-12,72.46000000000001,14.2325
2022-09-13,65.75,14.975000000000001
2022-09-14,40.5,18.5
2022-09-15,31.875,16.35
2022-09-16,95.675,33.099999999999994
2022-09-17,142.5,36.6
2022-09-18,176.33333333333334,65.39999999999999
2022-09-19,114.16,40.2
2022-09-20,102.74000000000001,39.800000000000004
2022-09-21,46.86,18.146666666666665
2022-09-22,37.672399999999996,26.666666666666668
2022-09-23,25.5,35.8
2022-09-24,52.739999999999995,11.15
2022-09-25,104.8,35.4
2022-09-26,101.58,31.25
2022-09-27,149.0,47.55
2022-09-28,143.28,63.25
2022-09-29,160.4,73.9
2022-09-30,170.4,58.75
2022-10-01,165.6,56.75
2022-10-02,131.1,34.7
2022-10-03,157.6,46.76666666666667
2022-10-04,170.2,57.03333333333333
2022-10-05,45.22,7.566666666666666
2022-10-06,40.525,16.3425
2022-10-07,27.48,5.475
2022-10-08,19.741999999999997,24.4575
2022-10-09,27.177999999999997,11.012500000000001
2022-10-10,69.1,27.125
2022-10-11,140.75,49.2
2022-10-12,127.625,41.300000000000004
2022-10-13,171.25,60.800000000000004
2022-10-14,216.0,75.93333333333334
2022-10-15,246.5,78.8
2022-10-30,459.0,226.66666666666666
2025-02-18,181.375,71.275
2025-02-19,125.15,53.5
2025-02-20,154.7875,76.125
2025-02-21,111.9625,55.4125
2025-02-22,128.85,61.637499999999996
2025-02-23,162.475,80.0375
2025-02-24,225.375,84.45
2025-02-25,265.375,105.3875
2025-02-26,156.2875,74.875
2025-02-27,131.5,62.1875
2025-02-28,123.16666666666667,55.357142857142854
2025-03-01,120.8,49.5
2025-03-02,154.875,50.75
2025-03-03,129.075,44.1875
2025-03-04,149.9375,26.775
2025-03-05,247.15,58.4875
2025-03-06,177.125,72.875
2025-03-07,152.7,60.3375
2025-03-08,199.425,83.6875
2025-03-09,209.85714285714286,79.6625
2025-03-10,285.25,100.05
2025-03-11,193.58571428571426,82.075
2025-03-12,173.14285714285714,68.5875
2025-03-13,159.4857142857143,70.3625
2025-03-14,70.725,25.675
2025-03-15,85.39999999999999,37.7625
2025-03-16,102.6125,45.525
2025-03-17,124.47142857142856,50.95
2025-03-18,154.57142857142858,57.137499999999996
2025-03-19,241.28571428571428,86.2125
2025-03-20,141.5,56.5375
2025-03-21,165.75,63.0375
2025-03-22,193.57142857142858,69.225
2025-03-23,203.625,81.925
2025-03-24,249.125,90.8375
2025-03-25,253.75,91.0
2025-03-26,295.375,85.525
2025-03-27,191.25,50.75
2025-03-28,138.1,36.375
2025-03-29,123.0625,38.8
2025-03-30,131.45,52.6375
2025-03-31,158.03333333333333,60.271428571428565
2025-04-01,224.125,77.9875
2025-04-02,201.0,73.21249999999999
2025-04-03,223.375,72.375
2025-04-04,169.94285714285712,55.5
2025-04-05,257.85714285714283,81.5125
2025-04-06,290.75,108.3
2025-04-07,243.0,87.5125
2025-04-08,232.16666666666666,82.2125
2025-04-10,106.0,38.205
2025-04-11,103.07142857142857,40.4
2025-04-12,192.14285714285714,55.75
2025-04-13,210.28571428571428,78.5375
2025-04-14,217.5,79.0625
2025-04-15,219.875,78.05
2025-04-16,218.125,66.5375
2025-04-17,216.875,64.1375
2025-04-18,147.75,47.175
2025-04-19,160.375,53.9125
2025-04-20,187.75,63.0625
2025-04-21,227.25,67.3
2025-04-22,223.75,71.3875
2025-04-23,307.375,88.1
2025-04-24,328.0,92.7375
2025-04-25,341.125,92.16250000000001
2025-04-26,289.125,84.0
2025-04-27,290.875,85.125
2025-04-28,195.71428571428572,54.31428571428571
2025-04-29,188.625,64.5
2025-04-30,182.75,69.575
2025-05-01,173.25,57.725
2025-05-02,186.5,76.0375
2025-05-03,219.375,87.15
2025-05-04,108.2375,41.4
2025-05-05,130.4625,53.0
2025-05-06,125.4875,51.0625
2025-05-07,177.0,76.1625
2025-05-08,141.8625,62.625
2025-05-09,182.125,84.9375
2025-05-10,140.71428571428572,63.0
2025-05-11,137.5,49.85
2025-05-12,111.2875,33.4
2025-05-13,241.75,42.9
2025-05-14,951.5,271.375
2025-05-15,274.25,89.65
2025-05-16,133.525,46.7
2025-05-17,167.875,61.25
2025-05-18,196.5,76.4125
2025-05-19,208.375,77.45
2025-05-20,186.0,66.025
2025-05-21,62.2,26.875
2025-05-22,108.7625,39.5875
2025-05-23,131.3375,55.2375
2025-05-24,74.875,27.95
2025-05-25,128.9375,46.5125
2025-05-26,128.55,51.475
2025-05-27,142.85,60.05
2025-05-28,165.85714285714286,51.162499999999994
2025-05-29,197.71428571428572,57.175
2025-05-30,260.125,72.35000000000001
2025-05-31,184.375,44.95
2025-06-01,139.375,41.75
2025-06-02,151.5,52.25
2025-06-03,378.75,58.95
2025-06-04,139.5,51.4875
2025-06-05,157.125,51.4875
2025-06-06,192.375,69.7
2025-06-07,210.25,78.075
2025-06-08,274.0,86.9125
2025-06-09,268.125,60.55
2025-06-10,276.125,81.525
2025-06-11,193.125,16.762500000000003
2025-06-12,181.75,59.25
2025-06-13,165.0,61.8125
2025-06-14,132.775,46.2
2025-06-15,113.3125,40.175
2025-06-16,99.3375,33.7375
2025-06-17,96.85,39.2625
2025-06-18,92.5625,33.025
2025-06-19,72.025,30.5125
2025-06-20,97.425,35.125
2025-06-21,97.2125,39.65
2025-06-22,122.675,46.1
2025-06-23,124.4375,45.625
2025-06-24,107.94285714285715,47.25714285714286
2025-06-25,66.6875,36.112500000000004
2025-06-26,70.7,22.525
2025-06-27,87.6375,29.0875
2025-06-28,70.6,37.075
2025-06-29,79.63375,39.075
2025-06-30,67.425,31.1
2025-07-01,77.8125,30.8875
2025-07-02,62.825,31.0125
2025-07-03,70.8,47.725
2025-07-04,81.85,52.2875
2025-07-05,62.875,35.24
2025-07-06,43.1125,24.3575
2025-07-07,95.0875,47.15
2025-07-08,51.5875,25.942857142857143
2025-07-09,59.39,29.178571428571427
2025-07-10,60.2125,59.042857142857144
2025-07-11,59.7625,32.55
2025-07-12,53.0,31.25
2025-07-13,33.025,19.15
2025-07-14,36.7125,18.075
2025-07-15,65.7375,31.2875
2025-07-16,55.0,27.2375
2025-07-17,44.325,26.325
2025-07-18,34.725,23.7125
2025-07-19,76.1375,29.7375
2025-07-20,92.08749999999999,38.6
2025-07-21,81.075,42.1375
2025-07-22,57.3625,27.625
2025-07-23,95.05,39.575
2025-07-24,109.5,46.8
2025-07-25,77.47142857142856,31.025
2025-07-26,72.4,30.7
2025-07-27,84.975,42.128571428571426
2025-07-28,51.8875,29.214285714285715
2025-07-29,59.5625,27.714285714285715
2025-07-30,35.112500000000004,30.02
2025-07-31,51.3,30.085714285714285
2025-08-01,77.05,32.871428571428574
2025-08-02,91.3125,35.214285714285715
2025-08-03,94.9375,38.42857142857143
2025-08-04,90.0,34.82857142857143
2025-08-05,102.0625,33.42857142857143
2025-08-06,116.5875,34.885714285714286
2025-08-07,116.3625,36.42857142857143
2025-08-08,42.32875,36.029999999999994
2025-08-09,69.5875,34.72857142857143
2025-08-10,91.9375,30.428571428571427
2025-08-11,72.675,38.27142857142858
2025-08-12,121.6125,37.278571428571425
2025-08-13,50.525,45.385714285714286
2025-08-14,64.0,39.314508571428576
2025-08-15,53.871428571428574,38.18626
2025-08-16,80.05,31.614831428571428
2025-08-17,78.2,32.22886142857143
2025-08-18,78.0625,30.945714285714285
2025-08-19,64.3375,32.51428571428571
2025-08-20,47.325,32.75714285714286
2025-08-21,98.075,58.800000000000004
2025-08-22,65.1,39.74285714285714
2025-08-23,49.81428571428571,25.285714285714285
2025-08-24,49.45,25.914285714285715
2025-08-25,38.7375,22.448571428571427
2025-08-26,73.075,33.45714285714286
2025-08-27,125.3125,52.114285714285714
2025-08-28,79.15,40.74285714285714
2025-08-29,77.2,33.2
2025-08-30,67.35,28.985714285714288
2025-08-31,33.75,18.97142857142857
2025-09-01,5.4375,16.327142857142857
2025-09-02,39.2875,23.228571428571428
2025-09-03,52.025,27.457142857142856
2025-09-04,59.2125,25.657142857142855
2025-09-05,76.9875,31.585714285714285
2025-09-06,72.52857142857142,30.328571428571426
2025-09-07,94.0875,42.9
2025-09-08,83.9375,34.871428571428574
2025-09-09,68.0,24.74285714285714
2025-09-10,88.1375,27.814285714285713
2025-09-11,91.86125,31.442857142857143
2025-09-12,101.625,33.68571428571428
2025-09-13,114.28750000000001,45.05714285714286
2025-09-14,105.4625,38.1
2025-09-15,107.6,35.82857142857143
2025-09-16,103.52857142857144,38.128571428571426
2025-09-17,112.48571428571428,46.542857142857144
2025-09-18,137.28571428571428,44.699999999999996
2025-09-19,135.42857142857142,37.92857142857143
2025-09-20,135.71428571428572,39.91428571428571
2025-09-21,152.0,42.01428571428572
2025-09-22,119.42857142857143,30.8
2025-09-23,130.31428571428572,32.91428571428572
2025-09-24,130.0142857142857,32.72857142857143
2025-09-25,126.25,33.35
2025-09-26,181.875,62.1125
2025-09-27,109.15,34.7625
2025-09-28,124.3625,40.2
2025-09-29,89.6875,20.950000000000003
2025-09-30,95.27777777777777,8.100000000000001
2025-10-01,93.6,42.2
2025-10-02,90.36666666666666,33.475
2025-10-03,141.66666666666666,60.0375
2025-10-04,152.22222222222223,59.425
2025-10-05,60.56666666666667,29.3125
2025-10-06,38.12222222222223,22.825
2025-10-07,69.85555555555555,35.3125
2025-10-08,102.32222222222222,36.7375
2025-10-09,183.88888888888889,59.8875
2025-10-10,-5.666666666666667,66.7375
2025-10-11,159.88888888888889,56.875
2025-10-12,200.77777777777777,71.375
2025-10-13,207.88888888888889,76.7875
2025-10-14,222.75,99.65
2025-10-15,258.0,100.65
2025-10-16,227.75,113.925
2025-10-17,239.18888888888887,121.9375
2025-10-18,266.0,155.825
2025-10-19,352.77777777777777,230.0625
2025-10-20,501.0,373.125
2025-10-21,270.8888888888889,181.8875
2025-10-22,214.76666666666668,126.9625
2025-10-23,234.0,120.6875
2025-10-24,285.8888888888889,148.4875
2025-10-25,331.6666666666667,179.5
2025-10-26,247.76666666666668,150.1625
2025-10-27,270.26666666666665,156.65
2025-10-28,270.7555555555556,166.05
2025-10-29,293.1333333333333,188.75
2025-10-30,183.91111111111113,128.15
2025-10-31,306.2888888888889,184.8375
2025-11-01,297.5,165.7875
2025-11-02,271.96666666666664,134.8625
2025-11-03,236.88888888888889,106.85
2025-11-04,284.56666666666666,106.6875
2025-11-05,287.2888888888889,172.0
2025-11-06,316.55555555555554,189.05
2025-11-07,376.55555555555554,222.2875
2025-11-08,370.3333333333333,208.0375
2025-11-09,587.5555555555555,281.625
2025-11-10,456.1111111111111,257.875
2025-11-11,552.4444444444445,287.0375
2025-11-12,427.0,265.0
2025-11-13,359.55555555555554,217.5375
2025-11-14,420.125,225.125
2025-11-15,377.125,231.625
2025-11-16,341.44444444444446,209.0
2025-11-17,414.6666666666667,238.875
2025-11-18,436.44444444444446,270.125
2025-11-19,402.1111111111111,244.75
2025-11-20,351.22222222222223,233.875
2025-11-21,413.3333333333333,234.875
2025-11-22,417.22222222222223,274.125
2025-11-23,374.1111111111111,235.75
2025-11-24,363.55555555555554,200.75
2025-11-25,343.0,177.6625
2025-11-26,475.22222222222223,260.0
2025-11-27,346.8888888888889,214.75
2025-11-28,242.11111111111111,143.875
2025-11-29,242.77777777777777,147.0875
2025-11-30,320.6666666666667,172.375
2025-12-01,430.1111111111111,257.625
2025-12-02,287.0,174.75
2025-12-03,297.8888888888889,180.25
2025-12-04,300.6666666666667,184.0
2025-12-05,264.55555555555554,170.25
2025-12-06,254.66666666666666,474.125
2025-12-07,254.0,150.125
2025-12-08,230.55555555555554,133.125
2025-12-09,238.33333333333334,138.0875
2025-12-10,292.6666666666667,192.5
2025-12-11,370.55555555555554,248.125
2025-12-12,593.7777777777778,416.125
2025-12-13,557.6666666666666,428.25
2025-12-14,398.22222222222223,361.375
2025-12-15,279.3333333333333,205.75
2025-12-16,284.3333333333333,205.75
2025-12-17,377.0,278.75
2025-12-18,330.77777777777777,239.5
2025-12-19,388.6666666666667,281.625
2025-12-20,304.625,208.375
2025-12-21,394.8888888888889,292.5
2025-12-22,335.3333333333333,270.125
2025-12-23,175.55555555555554,110.075
2025-12-24,244.0,162.4375
2025-12-25,326.44444444444446,252.75
2025-12-26,356.1111111111111,254.375
2025-12-27,399.44444444444446,292.625
2025-12-28,367.8888888888889,261.375
2025-12-29,343.44444444444446,251.5
2025-12-30,318.4111111111111,253.0
