date,air_pollution_Delhi,N95_mask,air_purifier,breathing_problem,AQI_Delhi
2016-01-01,77.0,,49,,0.0
2016-01-02,65.0,,48,,0.0
2016-01-03,0.0,,0,,0.0
2016-01-04,100.0,,0,,0.0
2016-01-05,92.0,,0,,0.0
2016-01-06,0.0,,83,,0.0
2016-01-07,63.0,,46,,0.0
2016-01-08,0.0,,75,,0.0
2016-01-09,79.0,,100,,0.0
2016-01-10,0.0,,0,,100.0
2016-01-11,84.0,,0,,0.0
2016-01-12,64.0,,79,,0.0
2016-01-13,0.0,,0,,0.0
2016-01-14,0.0,,0,,0.0
2016-01-15,0.0,,0,,0.0
2016-01-16,0.0,,66,,0.0
2016-01-17,0.0,,100,,0.0
2016-01-18,0.0,,0,,0.0
2016-01-19,0.0,,0,,0.0
2016-01-20,0.0,,75,,0.0
2016-01-21,0.0,,0,,0.0
2016-01-22,0.0,,0,,0.0
2016-01-23,0.0,,0,,0.0
2016-01-24,0.0,,0,,0.0
2016-01-25,0.0,,0,,0.0
2016-01-26,0.0,,0,,0.0
2016-01-27,0.0,,0,,0.0
2016-01-28,0.0,,0,,0.0
2016-01-29,0.0,,0,,0.0
2016-01-30,0.0,,0,,0.0
2016-01-31,0.0,,0,,0.0
2016-02-01,0.0,,67,,0.0
2016-02-02,0.0,,0,,0.0
2016-02-03,0.0,,73,,0.0
2016-02-04,0.0,,0,,0.0
2016-02-05,0.0,,0,,0.0
2016-02-06,0.0,,0,,0.0
2016-02-07,0.0,,0,,0.0
2016-02-08,0.0,,0,,0.0
2016-02-09,0.0,,56,,0.0
2016-02-10,0.0,,0,,0.0
2016-02-11,0.0,,0,,0.0
2016-02-12,0.0,,0,,0.0
2016-02-13,0.0,,0,,0.0
2016-02-14,0.0,,0,,0.0
2016-02-15,0.0,,0,,0.0
2016-02-16,0.0,,0,,0.0
2016-02-17,0.0,,54,,0.0
2016-02-18,0.0,,0,,0.0
2016-02-19,0.0,,0,,58.0
2016-02-20,0.0,,0,,0.0
2016-02-21,0.0,,0,,0.0
2016-02-22,0.0,,0,,0.0
2016-02-23,0.0,,0,,0.0
2016-02-24,0.0,,0,,0.0
2016-02-25,74.0,,0,,0.0
2016-02-26,0.0,,0,,0.0
2016-02-27,0.0,,0,,0.0
2016-02-28,0.0,,0,,0.0
2016-02-29,0.0,,0,,0.0
2016-03-01,0.0,,62,,0.0
2016-03-02,0.0,,0,,0.0
2016-03-03,0.0,,0,,0.0
2016-03-04,0.0,,0,,0.0
2016-03-05,0.0,,0,,0.0
2016-03-06,0.0,,0,,0.0
2016-03-07,0.0,,0,,0.0
2016-03-08,0.0,,0,,0.0
2016-03-09,0.0,,0,,0.0
2016-03-10,0.0,,0,,0.0
2016-03-11,0.0,,0,,0.0
2016-03-12,0.0,,0,,0.0
2016-03-13,0.0,,0,,0.0
2016-03-14,0.0,,0,,0.0
2016-03-15,0.0,,0,,0.0
2016-03-16,0.0,,0,,0.0
2016-03-17,0.0,,0,,
2016-03-18,0.0,,0,,
2016-03-19,0.0,,0,,
2016-03-20,0.0,,0,,
2016-03-21,0.0,,0,,
2016-03-22,0.0,,0,,
2016-03-23,0.0,,0,,
2016-03-24,0.0,,0,,
2016-03-25,0.0,,0,,
2016-03-26,0.0,,0,,
2016-03-27,0.0,,0,,
2016-03-28,0.0,,0,,
2016-03-29,0.0,,0,,
2016-03-30,0.0,,83,,
2016-03-31,0.0,,0,,
2016-04-01,0.0,,0,,
2016-04-02,0.0,,0,,
2016-04-03,0.0,,0,,
2016-04-04,0.0,,0,,
2016-04-05,0.0,,0,,
2016-04-06,0.0,,0,,
2016-04-07,0.0,,0,,
2016-04-08,0.0,,0,,
2016-04-09,0.0,,0,,
2016-04-10,0.0,,0,,
2016-04-11,0.0,,0,,
2016-04-12,0.0,,0,,
2016-04-13,0.0,,0,,
2016-04-14,0.0,,0,,
2016-04-15,0.0,,0,,
2016-04-16,0.0,,0,,
2016-04-17,0.0,,0,,
2016-04-18,100.0,,0,,
2016-04-19,0.0,,0,,
2016-04-20,0.0,,0,,
2016-04-21,0.0,,0,,
2016-04-22,0.0,,0,,
2016-04-23,0.0,,0,,
2016-04-24,0.0,,0,,
2016-04-25,0.0,,0,,
2016-04-26,0.0,,0,,
2016-04-27,0.0,,0,,
2016-04-28,0.0,,0,,
2016-04-29,0.0,,0,,
2016-04-30,82.0,,87,,
2016-05-01,0.0,,0,,
2016-05-02,0.0,,93,,
2016-05-03,0.0,,0,,
2016-05-04,0.0,,0,,
2016-05-05,0.0,,0,,
2016-05-06,0.0,,84,,
2016-05-07,0.0,,0,,
2016-05-08,0.0,,0,,
2016-05-09,0.0,,0,,
2016-05-10,0.0,,0,,
2016-05-11,0.0,,100,,
2016-05-12,0.0,,0,,
2016-05-13,0.0,,0,,
2016-05-14,0.0,,0,,
2016-05-15,0.0,,0,,
2016-05-16,0.0,,0,,
2016-05-17,0.0,,0,,
2016-05-18,0.0,,0,,
2016-05-19,0.0,,0,,
2016-05-20,0.0,,0,,
2016-05-21,0.0,,0,,
2016-05-22,0.0,,0,,
2016-05-23,0.0,,0,,
2016-05-24,0.0,,0,,
2016-05-25,0.0,,0,,
2016-05-26,0.0,,0,,
2016-05-27,0.0,,0,,
2016-05-28,0.0,,0,,
2016-05-29,0.0,,0,,
2016-05-30,96.0,0.0,0,0.0,
2016-05-31,0.0,0.0,0,0.0,
2016-06-01,0.0,0.0,0,0.0,
2016-06-02,0.0,0.0,0,0.0,
2016-06-03,0.0,0.0,0,0.0,
2016-06-04,0.0,0.0,0,100.0,
2016-06-05,0.0,0.0,0,0.0,
2016-06-06,0.0,0.0,0,0.0,
2016-06-07,0.0,0.0,0,0.0,
2016-06-08,0.0,0.0,63,0.0,
2016-06-09,0.0,0.0,0,0.0,
2016-06-10,0.0,0.0,0,0.0,
2016-06-11,71.0,0.0,0,0.0,
2016-06-12,0.0,0.0,0,0.0,
2016-06-13,0.0,0.0,0,0.0,
2016-06-14,0.0,0.0,0,0.0,
2016-06-15,0.0,0.0,0,0.0,
2016-06-16,0.0,0.0,0,0.0,
2016-06-17,0.0,0.0,0,0.0,
2016-06-18,0.0,0.0,0,0.0,
2016-06-19,0.0,0.0,0,0.0,
2016-06-20,0.0,0.0,0,0.0,
2016-06-21,0.0,0.0,0,0.0,
2016-06-22,0.0,0.0,0,0.0,
2016-06-23,0.0,0.0,0,0.0,
2016-06-24,0.0,0.0,0,0.0,
2016-06-25,0.0,0.0,0,0.0,
2016-06-26,0.0,0.0,0,0.0,
2016-06-27,0.0,0.0,0,0.0,
2016-06-28,0.0,0.0,0,0.0,
2016-06-29,0.0,0.0,0,0.0,
2016-06-30,0.0,0.0,0,0.0,
2016-07-01,0.0,0.0,0,0.0,
2016-07-02,0.0,0.0,0,0.0,
2016-07-03,100.0,0.0,0,0.0,
2016-07-04,0.0,0.0,0,0.0,
2016-07-05,0.0,0.0,0,0.0,
2016-07-06,0.0,0.0,79,0.0,
2016-07-07,0.0,0.0,0,0.0,
2016-07-08,0.0,0.0,0,0.0,
2016-07-09,0.0,0.0,0,0.0,
2016-07-10,0.0,0.0,0,0.0,
2016-07-11,0.0,0.0,0,0.0,
2016-07-12,0.0,0.0,0,0.0,
2016-07-13,0.0,0.0,0,0.0,
2016-07-14,0.0,0.0,0,0.0,
2016-07-15,0.0,0.0,0,0.0,
2016-07-16,0.0,0.0,0,0.0,
2016-07-17,0.0,0.0,0,0.0,
2016-07-18,0.0,0.0,0,0.0,
2016-07-19,0.0,0.0,0,0.0,
2016-07-20,0.0,0.0,0,0.0,
2016-07-21,0.0,0.0,0,0.0,
2016-07-22,0.0,0.0,0,0.0,
2016-07-23,0.0,0.0,0,0.0,
2016-07-24,0.0,0.0,0,0.0,
2016-07-25,0.0,0.0,0,0.0,
2016-07-26,0.0,0.0,0,0.0,
2016-07-27,0.0,0.0,0,0.0,
2016-07-28,0.0,0.0,0,0.0,
2016-07-29,0.0,0.0,0,0.0,
2016-07-30,0.0,0.0,0,0.0,
2016-07-31,0.0,0.0,0,0.0,
2016-08-01,0.0,0.0,0,0.0,
2016-08-02,0.0,0.0,0,0.0,
2016-08-03,0.0,0.0,0,0.0,
2016-08-04,0.0,0.0,100,0.0,
2016-08-05,0.0,0.0,0,0.0,
2016-08-06,0.0,100.0,0,0.0,
2016-08-07,0.0,0.0,0,0.0,
2016-08-08,0.0,0.0,0,0.0,
2016-08-09,0.0,0.0,0,0.0,
2016-08-10,0.0,0.0,0,0.0,
2016-08-11,0.0,0.0,0,0.0,
2016-08-12,0.0,0.0,0,0.0,
2016-08-13,0.0,0.0,0,0.0,
2016-08-14,0.0,0.0,0,,
2016-08-15,0.0,0.0,0,,
2016-08-16,0.0,0.0,0,,
2016-08-17,0.0,0.0,0,,
2016-08-18,0.0,0.0,0,,
2016-08-19,0.0,0.0,0,,
2016-08-20,0.0,0.0,0,,
2016-08-21,0.0,0.0,0,,
2016-08-22,0.0,0.0,0,,
2016-08-23,0.0,0.0,0,,
2016-08-24,0.0,0.0,0,,
2016-08-25,0.0,0.0,0,,
2016-08-26,0.0,0.0,0,,
2016-08-27,0.0,0.0,0,,
2016-08-28,0.0,0.0,0,,
2016-08-29,0.0,0.0,0,,
2016-08-30,0.0,0.0,0,,
2016-08-31,0.0,0.0,0,,
2016-09-01,0.0,0.0,0,,
2016-09-02,0.0,0.0,0,,
2016-09-03,0.0,0.0,0,,
2016-09-04,0.0,0.0,0,,
2016-09-05,0.0,0.0,0,,
2016-09-06,0.0,0.0,0,,
2016-09-07,0.0,0.0,0,,
2016-09-08,0.0,0.0,69,,
2016-09-09,0.0,0.0,0,,
2016-09-10,0.0,100.0,0,,
2016-09-11,0.0,0.0,0,,
2016-09-12,0.0,0.0,0,,
2016-09-13,0.0,0.0,0,,
2016-09-14,0.0,0.0,56,,
2016-09-15,0.0,0.0,0,,
2016-09-16,0.0,0.0,0,,
2016-09-17,0.0,0.0,0,,
2016-09-18,100.0,0.0,0,,
2016-09-19,0.0,0.0,0,,
2016-09-20,0.0,0.0,0,,
2016-09-21,0.0,0.0,82,,
2016-09-22,0.0,0.0,0,,
2016-09-23,0.0,0.0,0,,
2016-09-24,0.0,0.0,0,,
2016-09-25,0.0,0.0,0,,
2016-09-26,0.0,0.0,0,,
2016-09-27,0.0,0.0,0,,
2016-09-28,0.0,0.0,0,,
2016-09-29,0.0,0.0,0,,
2016-09-30,0.0,0.0,0,,
2016-10-01,0.0,0.0,0,,
2016-10-02,0.0,0.0,0,,
2016-10-03,0.0,0.0,0,,
2016-10-04,0.0,0.0,0,,
2016-10-05,0.0,0.0,0,,
2016-10-06,0.0,0.0,0,,
2016-10-07,0.0,0.0,0,,
2016-10-08,0.0,0.0,0,,
2016-10-09,0.0,0.0,0,,
2016-10-10,0.0,0.0,0,,
2016-10-11,0.0,0.0,0,,
2016-10-12,0.0,0.0,93,,
2016-10-13,0.0,0.0,0,,
2016-10-14,0.0,0.0,0,,
2016-10-15,0.0,0.0,62,,
2016-10-16,0.0,0.0,0,,
2016-10-17,0.0,88.0,0,,
2016-10-18,0.0,0.0,0,,
2016-10-19,0.0,0.0,0,,
2016-10-20,0.0,0.0,0,,
2016-10-21,0.0,0.0,63,,
2016-10-22,0.0,0.0,0,,
2016-10-23,0.0,0.0,69,,
2016-10-24,0.0,0.0,64,,
2016-10-25,0.0,0.0,100,,
2016-10-26,0.0,0.0,54,,
2016-10-27,0.0,0.0,78,0.0,0.0
2016-10-28,0.0,0.0,7,0.0,0.0
2016-10-29,0.0,0.0,8,0.0,0.0
2016-10-30,17.0,0.0,10,0.0,0.0
2016-10-31,22.0,0.0,11,0.0,0.0
2016-11-01,0.0,0.0,10,0.0,0.0
2016-11-02,33.0,19.0,28,0.0,0.0
2016-11-03,28.0,37.0,34,0.0,0.0
2016-11-04,18.0,14.0,22,0.0,0.0
2016-11-05,55.0,32.0,59,0.0,54.0
2016-11-06,100.0,100.0,100,0.0,100.0
2016-11-07,60.0,63.0,56,0.0,90.0
2016-11-08,37.0,14.0,21,0.0,38.0
2016-11-09,14.0,0.0,7,0.0,39.0
2016-11-10,0.0,7.0,8,0.0,0.0
2016-11-11,0.0,0.0,5,0.0,0.0
2016-11-12,8.0,0.0,7,0.0,0.0
2016-11-13,9.0,0.0,5,0.0,0.0
2016-11-14,11.0,0.0,6,0.0,0.0
2016-11-15,0.0,0.0,6,0.0,0.0
2016-11-16,0.0,0.0,5,0.0,0.0
2016-11-17,0.0,0.0,4,0.0,0.0
2016-11-18,0.0,0.0,4,0.0,0.0
2016-11-19,0.0,0.0,4,0.0,0.0
2016-11-20,0.0,0.0,0,0.0,0.0
2016-11-21,0.0,0.0,3,0.0,0.0
2016-11-22,0.0,0.0,4,0.0,0.0
2016-11-23,0.0,0.0,3,100.0,0.0
2016-11-24,0.0,0.0,4,0.0,0.0
2016-11-25,0.0,0.0,3,0.0,0.0
2016-11-26,0.0,0.0,0,0.0,0.0
2016-11-27,0.0,0.0,4,0.0,0.0
2016-11-28,0.0,0.0,3,0.0,0.0
2016-11-29,7.0,0.0,4,0.0,0.0
2016-11-30,0.0,0.0,3,0.0,0.0
2016-12-01,0.0,0.0,4,0.0,0.0
2016-12-02,0.0,0.0,6,0.0,0.0
2016-12-03,0.0,0.0,3,0.0,0.0
2016-12-04,0.0,0.0,3,0.0,0.0
2016-12-05,0.0,0.0,3,0.0,0.0
2016-12-06,0.0,0.0,3,0.0,0.0
2016-12-07,0.0,0.0,0,0.0,0.0
2016-12-08,0.0,0.0,3,0.0,0.0
2016-12-09,0.0,0.0,3,0.0,0.0
2016-12-10,0.0,0.0,4,0.0,0.0
2016-12-11,0.0,0.0,4,0.0,0.0
2016-12-12,0.0,0.0,3,0.0,0.0
2016-12-13,0.0,0.0,3,0.0,0.0
2016-12-14,0.0,0.0,0,0.0,0.0
2016-12-15,0.0,0.0,3,0.0,0.0
2016-12-16,0.0,0.0,0,0.0,0.0
2016-12-17,0.0,0.0,0,0.0,0.0
2016-12-18,0.0,0.0,0,0.0,0.0
2016-12-19,0.0,0.0,0,0.0,0.0
2016-12-20,0.0,0.0,5,0.0,0.0
2016-12-21,0.0,0.0,3,0.0,0.0
2016-12-22,0.0,0.0,3,0.0,0.0
2016-12-23,0.0,0.0,3,0.0,0.0
2016-12-24,0.0,0.0,0,0.0,0.0
2016-12-25,0.0,0.0,3,0.0,0.0
2016-12-26,0.0,0.0,4,0.0,0.0
2016-12-27,0.0,0.0,0,0.0,0.0
2016-12-28,0.0,0.0,3,0.0,0.0
2016-12-29,0.0,0.0,2,0.0,0.0
2016-12-30,0.0,0.0,0,0.0,0.0
2016-12-31,0.0,0.0,0,0.0,0.0
2017-01-01,0.0,0.0,0,0.0,0.0
2017-01-02,0.0,0.0,0,0.0,0.0
2017-01-03,0.0,0.0,3,0.0,0.0
2017-01-04,7.0,0.0,4,0.0,0.0
2017-01-05,0.0,0.0,0,0.0,0.0
2017-01-06,0.0,0.0,0,0.0,0.0
2017-01-07,0.0,0.0,0,0.0,0.0
2017-01-08,0.0,0.0,0,0.0,0.0
2017-01-09,0.0,0.0,0,0.0,0.0
2017-01-10,0.0,0.0,0,0.0,0.0
2017-01-11,0.0,0.0,0,,
2017-01-12,0.0,0.0,49,,
2017-01-13,0.0,0.0,0,,
2017-01-14,0.0,0.0,0,,
2017-01-15,0.0,0.0,0,,
2017-01-16,100.0,0.0,0,,
2017-01-17,0.0,0.0,0,,
2017-01-18,0.0,0.0,0,,
2017-01-19,0.0,0.0,0,,
2017-01-20,0.0,0.0,0,,
2017-01-21,0.0,0.0,58,,
2017-01-22,0.0,0.0,0,,
2017-01-23,0.0,0.0,0,,
2017-01-24,0.0,0.0,0,,
2017-01-25,0.0,0.0,0,,
2017-01-26,0.0,0.0,0,,
2017-01-27,0.0,0.0,0,,
2017-01-28,0.0,0.0,0,,
2017-01-29,0.0,0.0,0,,
2017-01-30,0.0,0.0,0,,
2017-01-31,0.0,0.0,0,,
2017-02-01,0.0,0.0,0,,
2017-02-02,0.0,0.0,0,,
2017-02-03,0.0,0.0,50,,
2017-02-04,0.0,0.0,0,,
2017-02-05,0.0,0.0,0,,
2017-02-06,0.0,0.0,0,,
2017-02-07,0.0,0.0,0,,
2017-02-08,0.0,0.0,0,,
2017-02-09,0.0,0.0,0,,
2017-02-10,0.0,0.0,0,,
2017-02-11,0.0,0.0,0,,
2017-02-12,0.0,0.0,0,,
2017-02-13,0.0,0.0,0,,
2017-02-14,0.0,0.0,0,,
2017-02-15,0.0,0.0,0,,
2017-02-16,0.0,0.0,62,,
2017-02-17,0.0,0.0,0,,
2017-02-18,0.0,0.0,50,,
2017-02-19,0.0,0.0,0,,
2017-02-20,0.0,0.0,49,,
2017-02-21,0.0,0.0,0,,
2017-02-22,0.0,0.0,0,,
2017-02-23,0.0,0.0,0,,
2017-02-24,0.0,0.0,0,,
2017-02-25,0.0,0.0,0,,
2017-02-26,0.0,0.0,0,,
2017-02-27,0.0,0.0,0,,
2017-02-28,0.0,0.0,0,,
2017-03-01,0.0,0.0,0,,
2017-03-02,0.0,0.0,0,,
2017-03-03,0.0,0.0,0,,
2017-03-04,0.0,98.0,0,,
2017-03-05,0.0,0.0,0,,
2017-03-06,0.0,100.0,0,,
2017-03-07,0.0,0.0,0,,
2017-03-08,0.0,0.0,54,,
2017-03-09,0.0,0.0,0,,
2017-03-10,0.0,0.0,0,,
2017-03-11,0.0,0.0,0,,
2017-03-12,0.0,0.0,100,,
2017-03-13,0.0,0.0,0,,
2017-03-14,0.0,0.0,0,,
2017-03-15,0.0,0.0,0,,
2017-03-16,0.0,0.0,42,,
2017-03-17,0.0,0.0,0,,
2017-03-18,0.0,0.0,0,,
2017-03-19,0.0,0.0,0,,
2017-03-20,0.0,0.0,0,,
2017-03-21,0.0,0.0,0,,
2017-03-22,0.0,0.0,0,,
2017-03-23,77.0,0.0,0,,
2017-03-24,0.0,0.0,0,,
2017-03-25,0.0,0.0,0,,
2017-03-26,0.0,0.0,0,,
2017-03-27,0.0,,0,,
2017-03-28,0.0,,0,,
2017-03-29,0.0,,0,,
2017-03-30,0.0,,0,,
2017-03-31,0.0,,0,,
2017-04-01,0.0,,0,,
2017-04-02,0.0,,100,,
2017-04-03,0.0,,0,,
2017-04-04,0.0,,0,,
2017-04-05,0.0,,0,,
2017-04-06,0.0,,0,,
2017-04-07,0.0,,0,,
2017-04-08,0.0,,0,,
2017-04-09,0.0,,0,,
2017-04-10,0.0,,0,,
2017-04-11,0.0,,0,,
2017-04-12,0.0,,0,,
2017-04-13,0.0,,0,,
2017-04-14,0.0,,0,,
2017-04-15,0.0,,0,,
2017-04-16,0.0,,0,,
2017-04-17,0.0,,0,,
2017-04-18,0.0,,0,,
2017-04-19,0.0,,0,,
2017-04-20,0.0,,0,,
2017-04-21,0.0,,0,,
2017-04-22,0.0,,85,,
2017-04-23,0.0,,0,,
2017-04-24,0.0,,0,,
2017-04-25,0.0,,0,,
2017-04-26,0.0,,0,,
2017-04-27,0.0,,0,,
2017-04-28,0.0,,0,,
2017-04-29,0.0,,0,,
2017-04-30,0.0,,0,,
2017-05-01,0.0,,80,,
2017-05-02,0.0,,0,,
2017-05-03,0.0,,0,,
2017-05-04,0.0,,0,,
2017-05-05,0.0,,0,,
2017-05-06,0.0,,0,,
2017-05-07,0.0,,0,,
2017-05-08,0.0,,0,,
2017-05-09,0.0,,0,,
2017-05-10,0.0,,0,,
2017-05-11,0.0,,0,,
2017-05-12,0.0,,0,,
2017-05-13,0.0,,0,,
2017-05-14,0.0,,0,,
2017-05-15,0.0,,0,,
2017-05-16,0.0,,0,,
2017-05-17,0.0,,0,,
2017-05-18,0.0,,0,,
2017-05-19,0.0,,0,,
2017-05-20,0.0,,0,,
2017-05-21,0.0,,0,,
2017-05-22,0.0,,0,,
2017-05-23,0.0,,0,,
2017-05-24,0.0,,0,,
2017-05-25,0.0,,0,,
2017-05-26,0.0,,0,,
2017-05-27,0.0,,0,,
2017-05-28,0.0,,0,,
2017-05-29,0.0,,0,,
2017-05-30,0.0,,0,,
2017-05-31,0.0,,0,,
2017-06-01,0.0,,0,,
2017-06-02,0.0,,0,,
2017-06-03,100.0,,0,,
2017-06-04,0.0,,0,,
2017-06-05,0.0,,0,,
2017-06-06,0.0,,0,,
2017-06-07,0.0,,0,,
2017-06-08,0.0,,0,,
2017-06-09,0.0,0.0,0,0.0,
2017-06-10,,0.0,0,0.0,
2017-06-11,,0.0,0,0.0,
2017-06-12,,0.0,0,0.0,
2017-06-13,,0.0,0,0.0,
2017-06-14,,0.0,0,0.0,
2017-06-15,,0.0,0,0.0,
2017-06-16,,0.0,0,0.0,
2017-06-17,,0.0,0,0.0,
2017-06-18,,0.0,0,0.0,
2017-06-19,,0.0,0,0.0,
2017-06-20,,0.0,0,0.0,
2017-06-21,,0.0,0,0.0,
2017-06-22,,0.0,0,0.0,
2017-06-23,,0.0,0,0.0,
2017-06-24,,0.0,0,0.0,
2017-06-25,,0.0,0,0.0,
2017-06-26,,0.0,0,0.0,
2017-06-27,,0.0,0,0.0,
2017-06-28,,100.0,0,0.0,
2017-06-29,,0.0,0,0.0,
2017-06-30,,0.0,0,0.0,
2017-07-01,,0.0,0,0.0,
2017-07-02,,0.0,0,0.0,
2017-07-03,,0.0,0,0.0,
2017-07-04,,0.0,0,0.0,
2017-07-05,,0.0,0,0.0,
2017-07-06,,0.0,0,0.0,
2017-07-07,,0.0,0,0.0,
2017-07-08,,0.0,0,0.0,
2017-07-09,,0.0,0,0.0,
2017-07-10,,0.0,0,100.0,
2017-07-11,,0.0,0,0.0,
2017-07-12,,0.0,0,0.0,
2017-07-13,,0.0,0,0.0,
2017-07-14,,0.0,0,0.0,
2017-07-15,,0.0,0,0.0,
2017-07-16,,0.0,0,0.0,
2017-07-17,,0.0,0,0.0,
2017-07-18,,0.0,0,0.0,
2017-07-19,,0.0,0,0.0,
2017-07-20,,0.0,0,0.0,
2017-07-21,,0.0,100,0.0,
2017-07-22,,0.0,0,0.0,
2017-07-23,,0.0,0,0.0,
2017-07-24,,0.0,0,0.0,
2017-07-25,,0.0,0,0.0,
2017-07-26,,0.0,0,0.0,
2017-07-27,,0.0,0,0.0,
2017-07-28,,0.0,0,0.0,
2017-07-29,,0.0,0,0.0,
2017-07-30,,0.0,0,0.0,
2017-07-31,,0.0,0,0.0,
2017-08-01,,0.0,0,0.0,
2017-08-02,,0.0,0,0.0,
2017-08-03,,0.0,0,0.0,
2017-08-04,,0.0,0,0.0,
2017-08-05,,0.0,0,0.0,
2017-08-06,,0.0,0,0.0,
2017-08-07,,0.0,0,0.0,
2017-08-08,,0.0,0,0.0,
2017-08-09,,0.0,0,0.0,
2017-08-10,,0.0,0,0.0,
2017-08-11,,0.0,0,0.0,
2017-08-12,,0.0,0,0.0,
2017-08-13,,0.0,0,0.0,
2017-08-14,,0.0,0,0.0,
2017-08-15,,0.0,0,0.0,
2017-08-16,,0.0,0,0.0,
2017-08-17,,0.0,0,0.0,
2017-08-18,,0.0,0,0.0,
2017-08-19,,0.0,94,0.0,
2017-08-20,,0.0,0,0.0,
2017-08-21,,0.0,0,0.0,
2017-08-22,,0.0,0,0.0,
2017-08-23,0.0,0.0,0,0.0,0.0
2017-08-24,0.0,,0,0.0,26.0
2017-08-25,0.0,,0,0.0,0.0
2017-08-26,0.0,,0,0.0,0.0
2017-08-27,0.0,,0,0.0,0.0
2017-08-28,0.0,,0,0.0,0.0
2017-08-29,0.0,,0,0.0,0.0
2017-08-30,0.0,,0,0.0,0.0
2017-08-31,0.0,,0,0.0,0.0
2017-09-01,0.0,,0,0.0,0.0
2017-09-02,0.0,,0,0.0,0.0
2017-09-03,0.0,,0,0.0,0.0
2017-09-04,0.0,,0,0.0,0.0
2017-09-05,0.0,,0,0.0,0.0
2017-09-06,0.0,,0,0.0,0.0
2017-09-07,0.0,,0,0.0,0.0
2017-09-08,0.0,,0,0.0,0.0
2017-09-09,0.0,,0,0.0,0.0
2017-09-10,0.0,,0,0.0,0.0
2017-09-11,0.0,,0,0.0,0.0
2017-09-12,0.0,,0,0.0,0.0
2017-09-13,0.0,,0,100.0,0.0
2017-09-14,0.0,,0,0.0,0.0
2017-09-15,0.0,,25,0.0,0.0
2017-09-16,0.0,,27,0.0,0.0
2017-09-17,0.0,,0,0.0,0.0
2017-09-18,0.0,,0,0.0,0.0
2017-09-19,0.0,,0,0.0,0.0
2017-09-20,0.0,,0,0.0,0.0
2017-09-21,0.0,,23,0.0,0.0
2017-09-22,0.0,,0,0.0,0.0
2017-09-23,0.0,,0,0.0,0.0
2017-09-24,0.0,,28,0.0,0.0
2017-09-25,0.0,,25,0.0,0.0
2017-09-26,0.0,,0,0.0,0.0
2017-09-27,0.0,,0,0.0,0.0
2017-09-28,0.0,,0,0.0,0.0
2017-09-29,0.0,,0,0.0,0.0
2017-09-30,0.0,,0,0.0,0.0
2017-10-01,0.0,,0,0.0,0.0
2017-10-02,0.0,,0,0.0,0.0
2017-10-03,0.0,,0,0.0,0.0
2017-10-04,0.0,,33,0.0,0.0
2017-10-05,0.0,,0,0.0,0.0
2017-10-06,0.0,,0,0.0,0.0
2017-10-07,0.0,,36,0.0,0.0
2017-10-08,0.0,,29,0.0,0.0
2017-10-09,0.0,,37,0.0,0.0
2017-10-10,0.0,,53,0.0,0.0
2017-10-11,15.0,,37,0.0,0.0
2017-10-12,0.0,,44,0.0,0.0
2017-10-13,0.0,,44,0.0,0.0
2017-10-14,0.0,,36,0.0,0.0
2017-10-15,0.0,,57,0.0,0.0
2017-10-16,0.0,,47,0.0,0.0
2017-10-17,0.0,,54,0.0,0.0
2017-10-18,0.0,,49,0.0,0.0
2017-10-19,60.0,,72,0.0,81.0
2017-10-20,100.0,,91,0.0,100.0
2017-10-21,0.0,,73,0.0,39.0
2017-10-22,14.0,,92,0.0,0.0
2017-10-23,14.0,,51,0.0,0.0
2017-10-24,0.0,,60,0.0,0.0
2017-10-25,14.0,,83,0.0,0.0
2017-10-26,0.0,,62,0.0,0.0
2017-10-27,0.0,,26,0.0,0.0
2017-10-28,0.0,,59,0.0,0.0
2017-10-29,0.0,,100,0.0,0.0
2017-10-30,0.0,,49,0.0,0.0
2017-10-31,0.0,,89,0.0,0.0
2017-11-01,19.0,,67,0.0,0.0
2017-11-02,14.0,,0,0.0,0.0
2017-11-03,0.0,,52,0.0,0.0
2017-11-04,0.0,,81,0.0,28.0
2017-11-05,0.0,,64,0.0,0.0
2017-11-06,20.0,0.0,98,0.0,44.0
2017-11-07,61.0,24.0,45,0.0,58.0
2017-11-08,100.0,100.0,100,0.0,100.0
2017-11-09,49.0,56.0,60,0.0,72.0
2017-11-10,25.0,15.0,26,0.0,54.0
2017-11-11,19.0,12.0,25,0.0,66.0
2017-11-12,24.0,25.0,28,0.0,63.0
2017-11-13,24.0,16.0,26,0.0,64.0
2017-11-14,19.0,8.0,17,0.0,57.0
2017-11-15,11.0,0.0,12,0.0,37.0
2017-11-16,13.0,0.0,13,0.0,43.0
2017-11-17,9.0,0.0,8,0.0,35.0
2017-11-18,6.0,0.0,9,0.0,21.0
2017-11-19,0.0,0.0,7,0.0,22.0
2017-11-20,9.0,0.0,7,0.0,27.0
2017-11-21,5.0,0.0,6,0.0,24.0
2017-11-22,4.0,0.0,6,0.0,21.0
2017-11-23,0.0,0.0,6,0.0,23.0
2017-11-24,5.0,0.0,6,0.0,12.0
2017-11-25,0.0,0.0,3,0.0,0.0
2017-11-26,0.0,0.0,3,100.0,13.0
2017-11-27,0.0,0.0,6,0.0,13.0
2017-11-28,4.0,0.0,6,0.0,13.0
2017-11-29,0.0,0.0,4,0.0,12.0
2017-11-30,0.0,0.0,4,0.0,0.0
2017-12-01,0.0,0.0,5,0.0,0.0
2017-12-02,0.0,0.0,4,0.0,0.0
2017-12-03,9.0,0.0,6,0.0,24.0
2017-12-04,5.0,0.0,6,0.0,20.0
2017-12-05,5.0,0.0,5,0.0,20.0
2017-12-06,5.0,0.0,5,0.0,23.0
2017-12-07,7.0,0.0,5,0.0,18.0
2017-12-08,0.0,0.0,0,0.0,16.0
2017-12-09,0.0,0.0,5,0.0,0.0
2017-12-10,0.0,0.0,6,0.0,0.0
2017-12-11,6.0,0.0,4,0.0,31.0
2017-12-12,0.0,0.0,3,0.0,29.0
2017-12-13,0.0,0.0,2,0.0,0.0
2017-12-14,0.0,0.0,4,0.0,0.0
2017-12-15,0.0,0.0,4,0.0,0.0
2017-12-16,0.0,0.0,3,0.0,0.0
2017-12-17,0.0,0.0,3,0.0,0.0
2017-12-18,0.0,0.0,3,0.0,0.0
2017-12-19,0.0,0.0,3,0.0,13.0
2017-12-20,0.0,0.0,0,0.0,12.0
2017-12-21,0.0,0.0,4,0.0,12.0
2017-12-22,0.0,0.0,3,0.0,10.0
2017-12-23,0.0,0.0,3,0.0,0.0
2017-12-24,0.0,0.0,4,0.0,0.0
2017-12-25,0.0,0.0,3,0.0,14.0
2017-12-26,0.0,0.0,0,0.0,16.0
2017-12-27,0.0,0.0,0,0.0,0.0
2017-12-28,0.0,0.0,4,0.0,0.0
2017-12-29,0.0,0.0,3,0.0,0.0
2017-12-30,0.0,0.0,3,0.0,0.0
2017-12-31,0.0,0.0,0,0.0,12.0
2018-01-01,0.0,0.0,4,0.0,0.0
2018-01-02,4.0,0.0,3,0.0,11.0
2018-01-03,0.0,0.0,0,0.0,0.0
2018-01-04,0.0,0.0,0,0.0,0.0
2018-01-05,0.0,0.0,3,0.0,0.0
2018-01-06,0.0,0.0,0,0.0,0.0
2018-01-07,0.0,0.0,0,0.0,0.0
2018-01-08,0.0,0.0,3,0.0,0.0
2018-01-09,0.0,0.0,4,0.0,0.0
2018-01-10,0.0,0.0,0,0.0,0.0
2018-01-11,0.0,0.0,0,0.0,0.0
2018-01-12,0.0,0.0,3,0.0,0.0
2018-01-13,0.0,0.0,3,0.0,0.0
2018-01-14,0.0,0.0,0,0.0,0.0
2018-01-15,0.0,0.0,0,0.0,0.0
2018-01-16,0.0,0.0,0,0.0,0.0
2018-01-17,0.0,0.0,4,0.0,0.0
2018-01-18,0.0,0.0,0,0.0,12.0
2018-01-19,0.0,6.0,3,0.0,0.0
2018-01-20,0.0,0.0,0,0.0,0.0
2018-01-21,0.0,,0,,0.0
2018-01-22,0.0,,0,,0.0
2018-01-23,0.0,,0,,0.0
2018-01-24,0.0,,0,,0.0
2018-01-25,0.0,,0,,0.0
2018-01-26,0.0,,0,,0.0
2018-01-27,0.0,,71,,0.0
2018-01-28,0.0,,0,,0.0
2018-01-29,0.0,,78,,0.0
2018-01-30,0.0,,87,,0.0
2018-01-31,0.0,,0,,0.0
2018-02-01,0.0,,0,,100.0
2018-02-02,0.0,,0,,0.0
2018-02-03,0.0,,0,,89.0
2018-02-04,0.0,,0,,0.0
2018-02-05,0.0,,0,,0.0
2018-02-06,0.0,,0,,0.0
2018-02-07,0.0,,0,,0.0
2018-02-08,0.0,,67,,0.0
2018-02-09,0.0,,0,,0.0
2018-02-10,0.0,,75,,0.0
2018-02-11,0.0,,0,,0.0
2018-02-12,0.0,,0,,0.0
2018-02-13,0.0,,0,,0.0
2018-02-14,0.0,,0,,0.0
2018-02-15,0.0,,0,,0.0
2018-02-16,0.0,,0,,0.0
2018-02-17,0.0,,0,,0.0
2018-02-18,0.0,,0,,0.0
2018-02-19,100.0,,0,,0.0
2018-02-20,0.0,,0,,0.0
2018-02-21,0.0,,67,,0.0
2018-02-22,0.0,,0,,0.0
2018-02-23,0.0,,88,,0.0
2018-02-24,0.0,,81,,0.0
2018-02-25,0.0,,0,,0.0
2018-02-26,0.0,,0,,0.0
2018-02-27,0.0,,0,,0.0
2018-02-28,0.0,,0,,0.0
2018-03-01,0.0,,0,,0.0
2018-03-02,0.0,,0,,0.0
2018-03-03,0.0,,0,,0.0
2018-03-04,0.0,,0,,0.0
2018-03-05,0.0,,0,,0.0
2018-03-06,0.0,,0,,0.0
2018-03-07,0.0,,0,,0.0
2018-03-08,0.0,,0,,0.0
2018-03-09,0.0,,0,,0.0
2018-03-10,0.0,,0,,0.0
2018-03-11,0.0,,0,,0.0
2018-03-12,0.0,,0,,0.0
2018-03-13,0.0,,79,,0.0
2018-03-14,0.0,,0,,0.0
2018-03-15,0.0,,0,,0.0
2018-03-16,0.0,,0,,0.0
2018-03-17,0.0,,90,,0.0
2018-03-18,0.0,,0,,0.0
2018-03-19,0.0,,0,,0.0
2018-03-20,0.0,,79,,0.0
2018-03-21,0.0,,0,,0.0
2018-03-22,0.0,,0,,0.0
2018-03-23,0.0,,100,,0.0
2018-03-24,0.0,,0,,0.0
2018-03-25,0.0,,0,,0.0
2018-03-26,0.0,,0,,0.0
2018-03-27,0.0,,0,,0.0
2018-03-28,0.0,,0,,0.0
2018-03-29,0.0,,0,,0.0
2018-03-30,0.0,,88,,0.0
2018-03-31,0.0,,0,,0.0
2018-04-01,0.0,,0,,0.0
2018-04-02,0.0,,0,,0.0
2018-04-03,0.0,,0,,0.0
2018-04-04,0.0,,80,,0.0
2018-04-05,0.0,,81,,0.0
2018-04-06,0.0,,0,,0.0
2018-04-07,0.0,,0,,0.0
2018-04-08,0.0,,0,,0.0
2018-04-09,0.0,,0,,0.0
2018-04-10,0.0,,0,,0.0
2018-04-11,0.0,,0,,0.0
2018-04-12,0.0,,54,,0.0
2018-04-13,0.0,,0,,0.0
2018-04-14,0.0,,0,,0.0
2018-04-15,0.0,,0,,0.0
2018-04-16,0.0,,0,,0.0
2018-04-17,0.0,,0,,0.0
2018-04-18,67.0,,0,,0.0
2018-04-19,0.0,,56,,0.0
2018-04-20,0.0,,0,,0.0
2018-04-21,0.0,,0,,0.0
2018-04-22,0.0,,0,,0.0
2018-04-23,0.0,,0,,0.0
2018-04-24,0.0,,0,,0.0
2018-04-25,0.0,,0,,0.0
2018-04-26,0.0,,0,,0.0
2018-04-27,0.0,,0,,0.0
2018-04-28,0.0,,0,,0.0
2018-04-29,0.0,,0,,0.0
2018-04-30,0.0,,0,,0.0
2018-05-01,0.0,,0,,0.0
2018-05-02,0.0,,62,,0.0
2018-05-03,0.0,,0,,0.0
2018-05-04,0.0,,0,,0.0
2018-05-05,0.0,,0,,0.0
2018-05-06,0.0,,0,,0.0
2018-05-07,0.0,,0,,0.0
2018-05-08,0.0,,0,,0.0
2018-05-09,0.0,,0,,0.0
2018-05-10,0.0,,0,,0.0
2018-05-11,0.0,,0,,0.0
2018-05-12,0.0,,0,,0.0
2018-05-13,0.0,,0,,0.0
2018-05-14,0.0,,0,,0.0
2018-05-15,0.0,,0,,0.0
2018-05-16,0.0,,0,,0.0
2018-05-17,0.0,,0,,0.0
2018-05-18,0.0,,0,,0.0
2018-05-19,0.0,,0,,0.0
2018-05-20,0.0,,0,,0.0
2018-05-21,0.0,,0,,0.0
2018-05-22,0.0,,0,,0.0
2018-05-23,0.0,,0,,0.0
2018-05-24,0.0,,0,,0.0
2018-05-25,0.0,,62,,0.0
2018-05-26,0.0,,0,,0.0
2018-05-27,0.0,,0,,0.0
2018-05-28,53.0,,0,,0.0
2018-05-29,0.0,,0,,0.0
2018-05-30,0.0,,0,,0.0
2018-05-31,0.0,,0,,0.0
2018-06-01,0.0,,0,,0.0
2018-06-02,0.0,,0,,0.0
2018-06-03,0.0,,0,,0.0
2018-06-04,0.0,,0,,0.0
2018-06-05,0.0,,0,,0.0
2018-06-06,0.0,,55,,0.0
2018-06-07,0.0,,0,,0.0
2018-06-08,0.0,,0,,0.0
2018-06-09,0.0,,0,,0.0
2018-06-10,0.0,,0,,0.0
2018-06-11,0.0,,0,,0.0
2018-06-12,0.0,,0,,36.0
2018-06-13,99.0,,69,,100.0
2018-06-14,100.0,,95,,83.0
2018-06-15,72.0,,100,,55.0
2018-06-16,0.0,,83,,39.0
2018-06-17,0.0,,0,,0.0
2018-06-18,0.0,,81,,0.0
2018-06-19,0.0,,0,0.0,0.0
2018-06-20,0.0,,0,0.0,0.0
2018-06-21,0.0,,59,0.0,0.0
2018-06-22,0.0,,0,0.0,0.0
2018-06-23,0.0,,0,0.0,0.0
2018-06-24,0.0,,0,0.0,0.0
2018-06-25,0.0,,61,0.0,0.0
2018-06-26,0.0,,56,0.0,0.0
2018-06-27,0.0,,58,0.0,0.0
2018-06-28,0.0,,0,0.0,0.0
2018-06-29,0.0,,100,0.0,0.0
2018-06-30,0.0,,0,0.0,0.0
2018-07-01,0.0,,0,0.0,0.0
2018-07-02,0.0,,0,0.0,0.0
2018-07-03,0.0,,0,0.0,0.0
2018-07-04,0.0,,0,0.0,0.0
2018-07-05,0.0,,0,0.0,0.0
2018-07-06,0.0,,0,0.0,0.0
2018-07-07,0.0,,0,0.0,0.0
2018-07-08,0.0,,0,0.0,0.0
2018-07-09,0.0,,0,0.0,0.0
2018-07-10,0.0,,0,0.0,0.0
2018-07-11,0.0,,0,0.0,0.0
2018-07-12,0.0,,0,0.0,0.0
2018-07-13,0.0,,0,0.0,0.0
2018-07-14,0.0,,0,0.0,0.0
2018-07-15,0.0,,0,0.0,0.0
2018-07-16,0.0,,64,0.0,0.0
2018-07-17,0.0,,0,0.0,0.0
2018-07-18,0.0,,0,0.0,0.0
2018-07-19,0.0,,0,0.0,0.0
2018-07-20,0.0,,0,0.0,0.0
2018-07-21,0.0,,0,0.0,0.0
2018-07-22,0.0,,0,0.0,0.0
2018-07-23,0.0,,0,0.0,0.0
2018-07-24,0.0,,0,0.0,0.0
2018-07-25,0.0,,0,0.0,100.0
2018-07-26,66.0,,0,0.0,0.0
2018-07-27,0.0,,56,0.0,0.0
2018-07-28,0.0,,0,0.0,0.0
2018-07-29,0.0,,0,0.0,0.0
2018-07-30,0.0,,0,0.0,0.0
2018-07-31,0.0,,0,0.0,0.0
2018-08-01,0.0,,0,0.0,0.0
2018-08-02,0.0,,0,0.0,0.0
2018-08-03,0.0,,0,0.0,0.0
2018-08-04,0.0,,0,0.0,0.0
2018-08-05,0.0,,0,0.0,0.0
2018-08-06,0.0,,0,0.0,0.0
2018-08-07,0.0,,0,0.0,0.0
2018-08-08,0.0,,0,0.0,0.0
2018-08-09,0.0,,0,0.0,0.0
2018-08-10,0.0,,0,0.0,0.0
2018-08-11,0.0,,60,0.0,0.0
2018-08-12,0.0,,0,0.0,0.0
2018-08-13,0.0,,0,0.0,0.0
2018-08-14,0.0,,0,0.0,0.0
2018-08-15,0.0,,0,0.0,0.0
2018-08-16,0.0,,0,0.0,0.0
2018-08-17,0.0,,0,0.0,0.0
2018-08-18,0.0,,0,0.0,0.0
2018-08-19,0.0,,0,0.0,0.0
2018-08-20,0.0,,0,0.0,0.0
2018-08-21,0.0,,0,0.0,0.0
2018-08-22,0.0,,0,0.0,0.0
2018-08-23,0.0,,0,0.0,0.0
2018-08-24,0.0,,0,0.0,0.0
2018-08-25,0.0,,0,0.0,0.0
2018-08-26,0.0,,0,100.0,0.0
2018-08-27,0.0,,0,0.0,0.0
2018-08-28,0.0,,0,0.0,0.0
2018-08-29,100.0,,0,0.0,0.0
2018-08-30,0.0,,0,0.0,0.0
2018-08-31,0.0,,0,0.0,0.0
2018-09-01,0.0,,0,0.0,0.0
2018-09-02,0.0,0.0,0,0.0,0.0
2018-09-03,0.0,0.0,8,0.0,0.0
2018-09-04,0.0,0.0,0,0.0,0.0
2018-09-05,0.0,0.0,0,0.0,0.0
2018-09-06,0.0,0.0,6,0.0,0.0
2018-09-07,0.0,0.0,0,0.0,0.0
2018-09-08,0.0,0.0,0,0.0,0.0
2018-09-09,0.0,0.0,0,0.0,0.0
2018-09-10,0.0,0.0,8,0.0,0.0
2018-09-11,0.0,0.0,0,0.0,0.0
2018-09-12,0.0,0.0,0,0.0,0.0
2018-09-13,0.0,0.0,0,0.0,0.0
2018-09-14,0.0,0.0,0,0.0,0.0
2018-09-15,0.0,0.0,0,0.0,0.0
2018-09-16,0.0,0.0,0,0.0,0.0
2018-09-17,0.0,0.0,0,0.0,0.0
2018-09-18,0.0,0.0,5,0.0,0.0
2018-09-19,0.0,0.0,0,0.0,0.0
2018-09-20,0.0,0.0,0,0.0,0.0
2018-09-21,0.0,0.0,0,0.0,0.0
2018-09-22,0.0,0.0,0,0.0,0.0
2018-09-23,0.0,0.0,0,0.0,0.0
2018-09-24,0.0,0.0,7,0.0,0.0
2018-09-25,0.0,0.0,0,0.0,0.0
2018-09-26,0.0,0.0,0,0.0,0.0
2018-09-27,0.0,0.0,0,0.0,0.0
2018-09-28,0.0,0.0,5,0.0,0.0
2018-09-29,0.0,0.0,7,0.0,0.0
2018-09-30,0.0,0.0,6,0.0,0.0
2018-10-01,0.0,0.0,0,0.0,0.0
2018-10-02,0.0,0.0,0,0.0,0.0
2018-10-03,0.0,0.0,0,0.0,0.0
2018-10-04,0.0,0.0,7,0.0,0.0
2018-10-05,0.0,0.0,0,0.0,0.0
2018-10-06,0.0,0.0,6,0.0,0.0
2018-10-07,0.0,0.0,0,0.0,5.0
2018-10-08,0.0,0.0,7,0.0,0.0
2018-10-09,0.0,0.0,8,0.0,0.0
2018-10-10,0.0,0.0,9,0.0,0.0
2018-10-11,0.0,0.0,6,0.0,0.0
2018-10-12,0.0,0.0,8,0.0,0.0
2018-10-13,0.0,0.0,11,0.0,0.0
2018-10-14,0.0,0.0,11,0.0,0.0
2018-10-15,0.0,0.0,16,0.0,5.0
2018-10-16,11.0,0.0,9,0.0,5.0
2018-10-17,0.0,0.0,6,0.0,0.0
2018-10-18,0.0,0.0,13,0.0,0.0
2018-10-19,0.0,0.0,13,0.0,5.0
2018-10-20,17.0,0.0,10,0.0,7.0
2018-10-21,0.0,0.0,17,0.0,0.0
2018-10-22,0.0,0.0,14,0.0,5.0
2018-10-23,0.0,0.0,20,0.0,5.0
2018-10-24,15.0,0.0,16,0.0,4.0
2018-10-25,17.0,0.0,20,100.0,5.0
2018-10-26,0.0,0.0,19,0.0,6.0
2018-10-27,0.0,0.0,27,0.0,8.0
2018-10-28,18.0,0.0,32,0.0,5.0
2018-10-29,21.0,0.0,29,0.0,8.0
2018-10-30,36.0,56.0,48,0.0,16.0
2018-10-31,31.0,47.0,47,0.0,21.0
2018-11-01,32.0,77.0,54,0.0,13.0
2018-11-02,21.0,44.0,51,0.0,13.0
2018-11-03,17.0,0.0,47,0.0,13.0
2018-11-04,24.0,0.0,53,0.0,20.0
2018-11-05,48.0,100.0,100,0.0,50.0
2018-11-06,35.0,0.0,60,0.0,32.0
2018-11-07,95.0,0.0,72,0.0,83.0
2018-11-08,100.0,90.0,84,0.0,100.0
2018-11-09,42.0,53.0,84,0.0,47.0
2018-11-10,31.0,0.0,75,0.0,37.0
2018-11-11,34.0,88.0,66,0.0,34.0
2018-11-12,36.0,0.0,54,0.0,28.0
2018-11-13,50.0,73.0,57,0.0,50.0
2018-11-14,37.0,77.0,41,0.0,69.0
2018-11-15,20.0,0.0,37,0.0,27.0
2018-11-16,14.0,0.0,27,0.0,24.0
2018-11-17,84.0,,100,0.0,74.0
2018-11-18,92.0,,64,0.0,62.0
2018-11-19,0.0,,60,0.0,72.0
2018-11-20,93.0,,67,0.0,50.0
2018-11-21,0.0,,52,0.0,42.0
2018-11-22,0.0,,46,100.0,41.0
2018-11-23,0.0,,80,0.0,42.0
2018-11-24,100.0,,54,0.0,50.0
2018-11-25,64.0,,77,0.0,48.0
2018-11-26,70.0,,59,0.0,42.0
2018-11-27,86.0,,61,0.0,43.0
2018-11-28,54.0,,42,0.0,45.0
2018-11-29,0.0,,58,0.0,43.0
2018-11-30,0.0,,70,0.0,26.0
2018-12-01,0.0,,60,0.0,0.0
2018-12-02,0.0,,53,0.0,36.0
2018-12-03,58.0,,42,0.0,39.0
2018-12-04,50.0,,39,0.0,35.0
2018-12-05,49.0,,34,0.0,22.0
2018-12-06,0.0,,27,0.0,23.0
2018-12-07,0.0,,54,0.0,29.0
2018-12-08,0.0,,39,0.0,25.0
2018-12-09,0.0,,54,0.0,24.0
2018-12-10,55.0,,38,0.0,34.0
2018-12-11,0.0,,30,0.0,27.0
2018-12-12,71.0,,39,0.0,32.0
2018-12-13,0.0,,41,0.0,44.0
2018-12-14,0.0,,31,0.0,23.0
2018-12-15,0.0,,45,0.0,29.0
2018-12-16,0.0,,46,0.0,0.0
2018-12-17,0.0,,34,0.0,34.0
2018-12-18,0.0,,33,0.0,17.0
2018-12-19,0.0,,37,0.0,21.0
2018-12-20,0.0,,24,0.0,24.0
2018-12-21,0.0,,0,0.0,20.0
2018-12-22,0.0,,34,0.0,37.0
2018-12-23,58.0,,35,0.0,36.0
2018-12-24,0.0,,47,0.0,49.0
2018-12-25,91.0,,44,0.0,54.0
2018-12-26,55.0,,38,0.0,40.0
2018-12-27,63.0,,34,0.0,31.0
2018-12-28,0.0,,37,0.0,34.0
2018-12-29,0.0,,24,0.0,0.0
2018-12-30,78.0,,38,0.0,28.0
2018-12-31,0.0,,37,0.0,29.0
2019-01-01,0.0,,21,0.0,27.0
2019-01-02,0.0,,48,0.0,36.0
2019-01-03,0.0,,32,0.0,25.0
2019-01-04,0.0,,27,0.0,23.0
2019-01-05,0.0,,27,0.0,27.0
2019-01-06,0.0,,44,0.0,58.0
2019-01-07,0.0,,20,0.0,33.0
2019-01-08,0.0,,25,0.0,31.0
2019-01-09,62.0,,32,0.0,24.0
2019-01-10,0.0,,35,0.0,0.0
2019-01-11,0.0,,0,0.0,0.0
2019-01-12,57.0,,0,0.0,24.0
2019-01-13,0.0,,29,0.0,25.0
2019-01-14,0.0,,22,0.0,34.0
2019-01-15,0.0,,25,0.0,0.0
2019-01-16,0.0,,0,0.0,28.0
2019-01-17,0.0,,0,0.0,35.0
2019-01-18,0.0,,32,0.0,36.0
2019-01-19,0.0,,27,0.0,22.0
2019-01-20,0.0,,0,0.0,19.0
2019-01-21,53.0,,24,0.0,66.0
2019-01-22,0.0,,19,0.0,100.0
2019-01-23,0.0,,18,0.0,39.0
2019-01-24,0.0,,21,0.0,0.0
2019-01-25,0.0,,23,0.0,34.0
2019-01-26,0.0,,0,0.0,0.0
2019-01-27,0.0,,0,0.0,22.0
2019-01-28,0.0,,21,0.0,18.0
2019-01-29,64.0,,0,0.0,24.0
2019-01-30,0.0,,0,0.0,23.0
2019-01-31,,,0,,43.0
2019-02-01,,,0,,50.0
2019-02-02,,,0,,58.0
2019-02-03,,,85,,41.0
2019-02-04,,,72,,0.0
2019-02-05,,,0,,44.0
2019-02-06,,,70,,36.0
2019-02-07,,,86,,100.0
2019-02-08,,,0,,87.0
2019-02-09,,,72,,53.0
2019-02-10,,,0,,0.0
2019-02-11,,,0,,0.0
2019-02-12,,,66,,0.0
2019-02-13,,,70,,0.0
2019-02-14,,,84,,72.0
2019-02-15,,,0,,0.0
2019-02-16,,,69,,38.0
2019-02-17,,,0,,0.0
2019-02-18,,,0,,0.0
2019-02-19,,,0,,42.0
2019-02-20,,,79,,0.0
2019-02-21,,,82,,0.0
2019-02-22,,,0,,0.0
2019-02-23,,,0,,0.0
2019-02-24,,,0,,0.0
2019-02-25,,,0,,0.0
2019-02-26,,,0,,0.0
2019-02-27,,,0,,0.0
2019-02-28,,,0,,0.0
2019-03-01,,,0,,0.0
2019-03-02,,,0,,42.0
2019-03-03,,,0,,0.0
2019-03-04,,,0,,0.0
2019-03-05,,,0,,0.0
2019-03-06,,,0,,0.0
2019-03-07,,,0,,39.0
2019-03-08,,,0,,45.0
2019-03-09,,,0,,0.0
2019-03-10,,,0,,0.0
2019-03-11,,,80,,0.0
2019-03-12,,,0,,0.0
2019-03-13,,,68,,0.0
2019-03-14,,,0,,0.0
2019-03-15,,,0,,0.0
2019-03-16,,,0,,0.0
2019-03-17,,,0,,0.0
2019-03-18,,,97,,0.0
2019-03-19,,,0,,0.0
2019-03-20,,,0,,0.0
2019-03-21,,,0,,0.0
2019-03-22,,,0,,0.0
2019-03-23,,,0,,0.0
2019-03-24,,,63,,0.0
2019-03-25,,,0,,0.0
2019-03-26,,,0,,0.0
2019-03-27,,,0,,0.0
2019-03-28,,,0,,0.0
2019-03-29,,,0,,0.0
2019-03-30,,,80,,0.0
2019-03-31,,,0,,0.0
2019-04-01,,,0,,0.0
2019-04-02,,,91,,0.0
2019-04-03,,,0,,0.0
2019-04-04,,,93,,0.0
2019-04-05,,,74,,0.0
2019-04-06,,,0,,0.0
2019-04-07,,,0,,47.0
2019-04-08,,,76,,0.0
2019-04-09,,,0,,0.0
2019-04-10,,,0,,0.0
2019-04-11,,,85,,0.0
2019-04-12,,,0,,0.0
2019-04-13,,,100,,0.0
2019-04-14,,,77,,0.0
2019-04-15,0.0,0.0,76,,0.0
2019-04-16,0.0,0.0,0,,0.0
2019-04-17,0.0,0.0,64,,58.0
2019-04-18,0.0,0.0,89,,0.0
2019-04-19,0.0,0.0,0,,100.0
2019-04-20,0.0,0.0,0,,0.0
2019-04-21,0.0,0.0,81,,0.0
2019-04-22,0.0,0.0,0,,0.0
2019-04-23,0.0,0.0,0,,0.0
2019-04-24,0.0,0.0,0,,0.0
2019-04-25,0.0,0.0,0,,0.0
2019-04-26,0.0,0.0,68,,0.0
2019-04-27,0.0,0.0,0,,0.0
2019-04-28,0.0,0.0,100,,0.0
2019-04-29,0.0,0.0,72,,0.0
2019-04-30,0.0,0.0,0,,0.0
2019-05-01,0.0,0.0,0,,0.0
2019-05-02,0.0,0.0,0,,0.0
2019-05-03,0.0,0.0,0,,0.0
2019-05-04,0.0,0.0,0,,0.0
2019-05-05,0.0,0.0,0,,0.0
2019-05-06,0.0,0.0,0,,0.0
2019-05-07,0.0,0.0,0,,0.0
2019-05-08,0.0,0.0,0,,0.0
2019-05-09,0.0,0.0,0,,0.0
2019-05-10,0.0,100.0,0,,0.0
2019-05-11,0.0,0.0,77,,0.0
2019-05-12,0.0,0.0,90,,0.0
2019-05-13,0.0,0.0,0,,0.0
2019-05-14,0.0,0.0,0,,0.0
2019-05-15,0.0,0.0,0,,0.0
2019-05-16,0.0,0.0,0,,0.0
2019-05-17,0.0,0.0,0,,0.0
2019-05-18,0.0,0.0,0,,0.0
2019-05-19,0.0,0.0,0,,0.0
2019-05-20,0.0,0.0,84,,0.0
2019-05-21,0.0,0.0,0,,0.0
2019-05-22,0.0,0.0,69,,0.0
2019-05-23,0.0,0.0,52,,0.0
2019-05-24,0.0,0.0,0,,0.0
2019-05-25,0.0,0.0,63,,0.0
2019-05-26,0.0,0.0,0,,0.0
2019-05-27,0.0,0.0,0,,0.0
2019-05-28,0.0,0.0,0,,0.0
2019-05-29,0.0,0.0,0,,55.0
2019-05-30,0.0,0.0,0,,0.0
2019-05-31,0.0,0.0,0,,0.0
2019-06-01,0.0,0.0,0,,0.0
2019-06-02,0.0,0.0,81,,0.0
2019-06-03,0.0,0.0,0,,0.0
2019-06-04,0.0,0.0,0,,0.0
2019-06-05,0.0,0.0,0,,0.0
2019-06-06,0.0,0.0,0,,0.0
2019-06-07,0.0,0.0,0,,0.0
2019-06-08,0.0,0.0,0,,0.0
2019-06-09,0.0,0.0,0,,0.0
2019-06-10,0.0,0.0,0,,0.0
2019-06-11,0.0,0.0,0,,0.0
2019-06-12,0.0,0.0,70,,0.0
2019-06-13,0.0,0.0,0,,0.0
2019-06-14,0.0,0.0,57,,0.0
2019-06-15,0.0,0.0,0,,0.0
2019-06-16,0.0,0.0,0,,0.0
2019-06-17,0.0,0.0,0,,0.0
2019-06-18,0.0,0.0,63,,0.0
2019-06-19,0.0,0.0,0,,0.0
2019-06-20,0.0,0.0,0,,0.0
2019-06-21,0.0,0.0,0,,0.0
2019-06-22,0.0,0.0,0,,0.0
2019-06-23,0.0,0.0,84,,0.0
2019-06-24,0.0,0.0,0,,0.0
2019-06-25,0.0,0.0,0,,0.0
2019-06-26,0.0,0.0,0,,0.0
2019-06-27,100.0,0.0,0,,0.0
2019-06-28,0.0,0.0,0,,0.0
2019-06-29,0.0,0.0,0,,0.0
2019-06-30,0.0,,0,,0.0
2019-07-01,0.0,,48,,0.0
2019-07-02,0.0,,0,,0.0
2019-07-03,0.0,,0,,0.0
2019-07-04,0.0,,0,,0.0
2019-07-05,0.0,,0,,0.0
2019-07-06,0.0,,0,,0.0
2019-07-07,0.0,,0,,0.0
2019-07-08,0.0,,0,,0.0
2019-07-09,0.0,,0,,0.0
2019-07-10,0.0,,0,,0.0
2019-07-11,0.0,,0,,0.0
2019-07-12,0.0,,49,,0.0
2019-07-13,0.0,,0,,0.0
2019-07-14,0.0,,0,,0.0
2019-07-15,0.0,,71,,0.0
2019-07-16,0.0,,0,,0.0
2019-07-17,0.0,,0,,0.0
2019-07-18,0.0,,0,,0.0
2019-07-19,0.0,,68,,0.0
2019-07-20,0.0,,0,,0.0
2019-07-21,0.0,,0,,85.0
2019-07-22,0.0,,0,,0.0
2019-07-23,0.0,,0,,0.0
2019-07-24,0.0,,0,,0.0
2019-07-25,0.0,,0,,0.0
2019-07-26,0.0,,0,,0.0
2019-07-27,0.0,,0,,0.0
2019-07-28,0.0,,0,,88.0
2019-07-29,0.0,,0,,0.0
2019-07-30,0.0,,50,,97.0
2019-07-31,0.0,,0,,0.0
2019-08-01,0.0,,0,,0.0
2019-08-02,0.0,,65,,0.0
2019-08-03,0.0,,0,,0.0
2019-08-04,0.0,,0,,0.0
2019-08-05,0.0,,0,,0.0
2019-08-06,0.0,,49,,0.0
2019-08-07,0.0,,0,,0.0
2019-08-08,98.0,,0,,0.0
2019-08-09,0.0,,0,,0.0
2019-08-10,0.0,,0,,0.0
2019-08-11,0.0,,0,,0.0
2019-08-12,0.0,,0,,0.0
2019-08-13,0.0,,0,,0.0
2019-08-14,0.0,,0,,0.0
2019-08-15,0.0,,0,,0.0
2019-08-16,0.0,,0,,0.0
2019-08-17,0.0,,0,,0.0
2019-08-18,0.0,,0,,100.0
2019-08-19,0.0,,49,,0.0
2019-08-20,0.0,,0,,0.0
2019-08-21,0.0,,0,,0.0
2019-08-22,0.0,,53,,0.0
2019-08-23,0.0,,0,,0.0
2019-08-24,0.0,,50,,0.0
2019-08-25,0.0,,0,,0.0
2019-08-26,0.0,,0,,0.0
2019-08-27,0.0,,0,,0.0
2019-08-28,0.0,,47,,0.0
2019-08-29,0.0,,64,,0.0
2019-08-30,0.0,,0,,0.0
2019-08-31,0.0,,55,,0.0
2019-09-01,0.0,,63,,0.0
2019-09-02,100.0,,0,,0.0
2019-09-03,0.0,,0,,0.0
2019-09-04,0.0,,0,,0.0
2019-09-05,0.0,,0,,0.0
2019-09-06,0.0,,0,,0.0
2019-09-07,0.0,,0,,0.0
2019-09-08,0.0,,0,,0.0
2019-09-09,0.0,,0,,0.0
2019-09-10,0.0,,62,,0.0
2019-09-11,0.0,,0,,0.0
2019-09-12,0.0,0.0,100,0.0,0.0
2019-09-13,0.0,0.0,0,0.0,0.0
2019-09-14,0.0,5.0,0,0.0,0.0
2019-09-15,0.0,0.0,0,0.0,0.0
2019-09-16,0.0,0.0,0,0.0,0.0
2019-09-17,0.0,0.0,2,0.0,0.0
2019-09-18,0.0,0.0,0,0.0,0.0
2019-09-19,0.0,0.0,2,0.0,0.0
2019-09-20,0.0,0.0,0,0.0,0.0
2019-09-21,0.0,0.0,0,0.0,0.0
2019-09-22,0.0,0.0,0,0.0,0.0
2019-09-23,0.0,0.0,0,0.0,0.0
2019-09-24,0.0,0.0,0,0.0,0.0
2019-09-25,0.0,0.0,0,0.0,0.0
2019-09-26,0.0,0.0,0,0.0,0.0
2019-09-27,0.0,0.0,0,0.0,1.0
2019-09-28,0.0,0.0,2,0.0,0.0
2019-09-29,0.0,0.0,2,0.0,0.0
2019-09-30,0.0,0.0,0,0.0,0.0
2019-10-01,0.0,0.0,2,0.0,0.0
2019-10-02,0.0,0.0,2,0.0,0.0
2019-10-03,0.0,0.0,1,0.0,0.0
2019-10-04,0.0,0.0,0,0.0,0.0
2019-10-05,0.0,0.0,0,0.0,0.0
2019-10-06,0.0,0.0,3,0.0,0.0
2019-10-07,0.0,0.0,2,0.0,0.0
2019-10-08,0.0,0.0,0,0.0,0.0
2019-10-09,0.0,0.0,0,0.0,1.0
2019-10-10,0.0,0.0,0,0.0,1.0
2019-10-11,0.0,0.0,1,0.0,0.0
2019-10-12,0.0,0.0,0,0.0,1.0
2019-10-13,0.0,0.0,4,0.0,1.0
2019-10-14,3.0,0.0,3,0.0,1.0
2019-10-15,3.0,0.0,4,0.0,1.0
2019-10-16,3.0,0.0,2,0.0,1.0
2019-10-17,3.0,0.0,3,0.0,1.0
2019-10-18,2.0,0.0,4,0.0,2.0
2019-10-19,0.0,0.0,3,0.0,1.0
2019-10-20,0.0,0.0,5,0.0,1.0
2019-10-21,3.0,0.0,5,100.0,1.0
2019-10-22,2.0,0.0,4,0.0,1.0
2019-10-23,3.0,0.0,4,0.0,1.0
2019-10-24,3.0,0.0,4,0.0,2.0
2019-10-25,0.0,6.0,6,0.0,2.0
2019-10-26,3.0,6.0,6,0.0,3.0
2019-10-27,16.0,0.0,8,0.0,12.0
2019-10-28,15.0,0.0,13,0.0,18.0
2019-10-29,15.0,0.0,15,0.0,12.0
2019-10-30,19.0,13.0,18,0.0,10.0
2019-10-31,21.0,22.0,23,0.0,13.0
2019-11-01,34.0,42.0,41,0.0,21.0
2019-11-02,43.0,42.0,52,0.0,36.0
2019-11-03,100.0,100.0,100,0.0,100.0
2019-11-04,48.0,55.0,52,0.0,74.0
2019-11-05,28.0,21.0,20,0.0,52.0
2019-11-06,12.0,8.0,15,0.0,29.0
2019-11-07,16.0,8.0,13,0.0,36.0
2019-11-08,5.0,0.0,10,0.0,16.0
2019-11-09,5.0,5.0,8,0.0,13.0
2019-11-10,5.0,0.0,9,0.0,10.0
2019-11-11,6.0,0.0,9,0.0,16.0
2019-11-12,10.0,0.0,10,0.0,19.0
2019-11-13,22.0,9.0,20,0.0,27.0
2019-11-14,20.0,11.0,21,0.0,28.0
2019-11-15,25.0,8.0,27,0.0,35.0
2019-11-16,15.0,7.0,15,0.0,31.0
2019-11-17,11.0,0.0,10,0.0,33.0
2019-11-18,9.0,6.0,10,0.0,21.0
2019-11-19,7.0,0.0,8,0.0,13.0
2019-11-20,7.0,0.0,7,0.0,12.0
2019-11-21,7.0,0.0,6,0.0,14.0
2019-11-22,5.0,0.0,6,0.0,11.0
2019-11-23,5.0,0.0,6,0.0,9.0
2019-11-24,3.0,0.0,5,0.0,9.0
2019-11-25,7.0,0.0,6,0.0,9.0
2019-11-26,6.0,0.0,6,0.0,9.0
2019-11-27,89.0,0.0,77,,80.0
2019-11-28,100.0,0.0,72,,100.0
2019-11-29,51.0,0.0,49,,58.0
2019-11-30,35.0,0.0,56,,55.0
2019-12-01,0.0,0.0,76,,38.0
2019-12-02,54.0,0.0,44,,39.0
2019-12-03,54.0,0.0,43,,35.0
2019-12-04,60.0,0.0,31,,34.0
2019-12-05,72.0,0.0,80,,63.0
2019-12-06,33.0,0.0,43,,44.0
2019-12-07,0.0,0.0,46,,41.0
2019-12-08,0.0,0.0,63,,37.0
2019-12-09,0.0,0.0,32,,29.0
2019-12-10,39.0,0.0,40,,28.0
2019-12-11,64.0,0.0,45,,40.0
2019-12-12,54.0,0.0,54,,97.0
2019-12-13,71.0,0.0,25,,85.0
2019-12-14,0.0,0.0,29,,35.0
2019-12-15,0.0,0.0,39,,22.0
2019-12-16,40.0,0.0,52,,28.0
2019-12-17,0.0,0.0,0,,22.0
2019-12-18,0.0,0.0,36,,16.0
2019-12-19,35.0,0.0,30,,34.0
2019-12-20,0.0,0.0,39,,27.0
2019-12-21,53.0,0.0,31,,22.0
2019-12-22,53.0,0.0,33,,16.0
2019-12-23,0.0,0.0,32,,18.0
2019-12-24,0.0,0.0,0,,16.0
2019-12-25,0.0,0.0,46,,15.0
2019-12-26,0.0,0.0,26,,12.0
2019-12-27,0.0,0.0,30,,14.0
2019-12-28,0.0,0.0,26,,22.0
2019-12-29,50.0,0.0,47,,21.0
2019-12-30,50.0,0.0,54,,29.0
2019-12-31,0.0,0.0,0,,20.0
2020-01-01,0.0,0.0,36,,26.0
2020-01-02,0.0,0.0,0,,18.0
2020-01-03,31.0,0.0,100,,17.0
2020-01-04,41.0,0.0,98,,17.0
2020-01-05,0.0,0.0,47,,13.0
2020-01-06,0.0,0.0,37,,14.0
2020-01-07,0.0,0.0,25,,16.0
2020-01-08,0.0,0.0,37,,21.0
2020-01-09,0.0,0.0,24,,10.0
2020-01-10,0.0,0.0,47,,11.0
2020-01-11,0.0,0.0,32,,13.0
2020-01-12,0.0,0.0,38,,15.0
2020-01-13,0.0,0.0,0,,11.0
2020-01-14,0.0,0.0,0,,10.0
2020-01-15,0.0,0.0,31,,8.0
2020-01-16,0.0,0.0,33,,8.0
2020-01-17,0.0,0.0,31,,6.0
2020-01-18,0.0,0.0,40,,14.0
2020-01-19,0.0,0.0,29,,11.0
2020-01-20,0.0,0.0,0,,8.0
2020-01-21,0.0,0.0,33,,9.0
2020-01-22,0.0,0.0,0,,12.0
2020-01-23,0.0,0.0,0,,11.0
2020-01-24,0.0,0.0,0,,12.0
2020-01-25,0.0,0.0,0,,5.0
2020-01-26,0.0,0.0,28,,5.0
2020-01-27,0.0,38.0,0,,9.0
2020-01-28,31.0,79.0,0,,11.0
2020-01-29,0.0,66.0,29,,6.0
2020-01-30,0.0,74.0,35,,4.0
2020-01-31,0.0,100.0,23,,10.0
2020-02-01,0.0,84.0,0,,6.0
2020-02-02,0.0,70.0,27,,6.0
2020-02-03,0.0,65.0,29,,7.0
2020-02-04,0.0,91.0,0,,4.0
2020-02-05,0.0,0.0,29,,4.0
2020-02-06,0.0,53.0,31,,5.0
2020-02-07,0.0,55.0,0,,0.0
2020-02-08,0.0,42.0,0,,0.0
2020-02-09,0.0,39.0,0,0.0,7.0
2020-02-10,0.0,3.0,0,0.0,7.0
2020-02-11,0.0,2.0,0,0.0,5.0
2020-02-12,0.0,2.0,71,0.0,3.0
2020-02-13,0.0,3.0,70,0.0,4.0
2020-02-14,0.0,2.0,0,0.0,4.0
2020-02-15,0.0,2.0,0,0.0,5.0
2020-02-16,0.0,0.0,0,0.0,5.0
2020-02-17,0.0,2.0,0,0.0,5.0
2020-02-18,0.0,2.0,0,0.0,3.0
2020-02-19,0.0,3.0,0,0.0,5.0
2020-02-20,0.0,0.0,0,0.0,4.0
2020-02-21,0.0,0.0,59,0.0,7.0
2020-02-22,0.0,0.0,66,0.0,5.0
2020-02-23,0.0,0.0,0,0.0,5.0
2020-02-24,0.0,3.0,58,0.0,3.0
2020-02-25,0.0,2.0,0,82.0,4.0
2020-02-26,0.0,0.0,0,0.0,5.0
2020-02-27,0.0,0.0,0,0.0,0.0
2020-02-28,0.0,3.0,71,0.0,4.0
2020-02-29,0.0,4.0,68,0.0,5.0
2020-03-01,0.0,3.0,0,0.0,4.0
2020-03-02,0.0,6.0,0,0.0,3.0
2020-03-03,0.0,49.0,100,0.0,0.0
2020-03-04,0.0,100.0,88,0.0,3.0
2020-03-05,0.0,79.0,78,0.0,3.0
2020-03-06,0.0,41.0,68,0.0,10.0
2020-03-07,0.0,26.0,0,0.0,4.0
2020-03-08,0.0,17.0,0,0.0,5.0
2020-03-09,0.0,11.0,0,0.0,0.0
2020-03-10,0.0,6.0,0,0.0,0.0
2020-03-11,0.0,10.0,0,0.0,4.0
2020-03-12,0.0,16.0,82,0.0,0.0
2020-03-13,0.0,20.0,0,0.0,0.0
2020-03-14,0.0,23.0,0,0.0,3.0
2020-03-15,0.0,16.0,86,0.0,5.0
2020-03-16,0.0,19.0,0,94.0,0.0
2020-03-17,0.0,15.0,63,0.0,0.0
2020-03-18,0.0,21.0,66,0.0,5.0
2020-03-19,0.0,17.0,69,0.0,3.0
2020-03-20,0.0,21.0,58,0.0,4.0
2020-03-21,0.0,21.0,0,0.0,9.0
2020-03-22,37.0,10.0,0,0.0,42.0
2020-03-23,29.0,13.0,0,0.0,28.0
2020-03-24,43.0,12.0,0,100.0,45.0
2020-03-25,56.0,8.0,0,0.0,56.0
2020-03-26,73.0,8.0,0,0.0,52.0
2020-03-27,100.0,8.0,0,88.0,100.0
2020-03-28,63.0,7.0,0,0.0,94.0
2020-03-29,63.0,6.0,0,0.0,68.0
2020-03-30,50.0,6.0,0,0.0,40.0
2020-03-31,35.0,8.0,0,0.0,33.0
2020-04-01,0.0,9.0,0,0.0,29.0
2020-04-02,30.0,7.0,0,0.0,25.0
2020-04-03,31.0,6.0,0,0.0,28.0
2020-04-04,43.0,10.0,0,0.0,29.0
2020-04-05,50.0,7.0,0,0.0,51.0
2020-04-06,52.0,8.0,0,0.0,33.0
2020-04-07,0.0,8.0,0,0.0,15.0
2020-04-08,35.0,10.0,0,0.0,15.0
2020-04-09,0.0,12.0,0,0.0,12.0
2020-04-10,0.0,9.0,0,0.0,12.0
2020-04-11,0.0,9.0,0,0.0,15.0
2020-04-12,30.0,6.0,0,0.0,12.0
2020-04-13,0.0,8.0,0,0.0,10.0
2020-04-14,0.0,5.0,0,0.0,12.0
2020-04-15,0.0,7.0,0,0.0,10.0
2020-04-16,0.0,5.0,0,0.0,12.0
2020-04-17,0.0,6.0,73,0.0,14.0
2020-04-18,0.0,8.0,0,96.0,11.0
2020-04-19,25.0,11.0,0,0.0,13.0
2020-04-20,0.0,8.0,0,0.0,12.0
2020-04-21,0.0,8.0,0,0.0,8.0
2020-04-22,0.0,7.0,0,0.0,7.0
2020-04-23,0.0,8.0,0,0.0,7.0
2020-04-24,0.0,6.0,0,0.0,6.0
2020-04-25,0.0,39.0,0,0.0,30.0
2020-04-26,0.0,41.0,0,0.0,100.0
2020-04-27,100.0,31.0,0,0.0,67.0
2020-04-28,0.0,51.0,0,0.0,67.0
2020-04-29,0.0,40.0,0,0.0,21.0
2020-04-30,0.0,30.0,0,0.0,46.0
2020-05-01,0.0,37.0,0,0.0,62.0
2020-05-02,0.0,40.0,0,0.0,29.0
2020-05-03,0.0,36.0,0,0.0,79.0
2020-05-04,0.0,43.0,0,0.0,53.0
2020-05-05,0.0,49.0,0,0.0,26.0
2020-05-06,0.0,39.0,0,0.0,35.0
2020-05-07,0.0,46.0,0,0.0,37.0
2020-05-08,0.0,57.0,72,84.0,26.0
2020-05-09,0.0,47.0,0,0.0,30.0
2020-05-10,0.0,47.0,0,0.0,80.0
2020-05-11,0.0,55.0,0,0.0,26.0
2020-05-12,0.0,100.0,0,0.0,29.0
2020-05-13,0.0,84.0,0,0.0,21.0
2020-05-14,0.0,67.0,0,0.0,34.0
2020-05-15,0.0,70.0,0,0.0,30.0
2020-05-16,0.0,66.0,0,0.0,28.0
2020-05-17,0.0,78.0,0,0.0,41.0
2020-05-18,0.0,67.0,0,0.0,22.0
2020-05-19,0.0,82.0,0,0.0,40.0
2020-05-20,0.0,63.0,0,0.0,27.0
2020-05-21,0.0,65.0,79,0.0,0.0
2020-05-22,0.0,71.0,80,0.0,0.0
2020-05-23,0.0,67.0,0,0.0,24.0
2020-05-24,0.0,65.0,0,0.0,35.0
2020-05-25,0.0,77.0,0,0.0,32.0
2020-05-26,0.0,62.0,0,0.0,0.0
2020-05-27,0.0,64.0,70,0.0,0.0
2020-05-28,0.0,64.0,0,0.0,0.0
2020-05-29,0.0,52.0,0,0.0,0.0
2020-05-30,0.0,71.0,83,0.0,31.0
2020-05-31,0.0,63.0,0,0.0,0.0
2020-06-01,0.0,53.0,0,0.0,19.0
2020-06-02,93.0,56.0,71,0.0,0.0
2020-06-03,0.0,54.0,0,0.0,0.0
2020-06-04,0.0,63.0,77,0.0,0.0
2020-06-05,0.0,68.0,0,0.0,0.0
2020-06-06,0.0,51.0,0,0.0,0.0
2020-06-07,0.0,62.0,0,0.0,0.0
2020-06-08,0.0,67.0,97,85.0,19.0
2020-06-09,0.0,58.0,0,0.0,0.0
2020-06-10,0.0,59.0,0,0.0,0.0
2020-06-11,0.0,62.0,69,0.0,0.0
2020-06-12,0.0,51.0,0,0.0,0.0
2020-06-13,0.0,66.0,100,0.0,0.0
2020-06-14,0.0,45.0,0,100.0,0.0
2020-06-15,0.0,59.0,0,0.0,0.0
2020-06-16,0.0,47.0,64,0.0,0.0
2020-06-17,0.0,54.0,0,0.0,0.0
2020-06-18,0.0,41.0,71,0.0,0.0
2020-06-19,0.0,47.0,0,0.0,0.0
2020-06-20,0.0,48.0,0,0.0,0.0
2020-06-21,0.0,38.0,0,0.0,0.0
2020-06-22,0.0,32.0,66,0.0,0.0
2020-06-23,0.0,36.0,0,0.0,0.0
2020-06-24,0.0,31.0,0,0.0,0.0
2020-06-25,0.0,26.0,0,0.0,21.0
2020-06-26,0.0,37.0,0,0.0,0.0
2020-06-27,0.0,24.0,0,0.0,0.0
2020-06-28,0.0,38.0,0,0.0,0.0
2020-06-29,0.0,35.0,0,0.0,0.0
2020-06-30,0.0,36.0,0,0.0,20.0
2020-07-01,0.0,24.0,0,0.0,0.0
2020-07-02,0.0,25.0,0,0.0,0.0
2020-07-03,0.0,34.0,0,0.0,0.0
2020-07-04,0.0,31.0,0,0.0,0.0
2020-07-05,0.0,31.0,0,0.0,0.0
2020-07-06,0.0,33.0,0,0.0,0.0
2020-07-07,0.0,41.0,0,0.0,0.0
2020-07-08,0.0,29.0,0,0.0,0.0
2020-07-09,,39.0,0,0.0,0.0
2020-07-10,,28.0,0,0.0,0.0
2020-07-11,,36.0,0,0.0,0.0
2020-07-12,,31.0,0,0.0,0.0
2020-07-13,,20.0,85,0.0,0.0
2020-07-14,,31.0,0,0.0,0.0
2020-07-15,,19.0,0,0.0,0.0
2020-07-16,,28.0,0,0.0,0.0
2020-07-17,,24.0,0,0.0,0.0
2020-07-18,,38.0,0,0.0,0.0
2020-07-19,,36.0,0,0.0,0.0
2020-07-20,,25.0,0,0.0,0.0
2020-07-21,,100.0,0,0.0,79.0
2020-07-22,,90.0,0,0.0,0.0
2020-07-23,,42.0,0,0.0,0.0
2020-07-24,,29.0,0,0.0,0.0
2020-07-25,,28.0,0,0.0,0.0
2020-07-26,,19.0,0,0.0,0.0
2020-07-27,,25.0,0,0.0,0.0
2020-07-28,,28.0,75,0.0,0.0
2020-07-29,,20.0,0,0.0,0.0
2020-07-30,,16.0,0,0.0,0.0
2020-07-31,,17.0,0,0.0,0.0
2020-08-01,,13.0,0,0.0,0.0
2020-08-02,,13.0,0,0.0,0.0
2020-08-03,,14.0,0,0.0,0.0
2020-08-04,,17.0,0,0.0,0.0
2020-08-05,,26.0,0,0.0,0.0
2020-08-06,,15.0,0,0.0,100.0
2020-08-07,,12.0,0,0.0,0.0
2020-08-08,,12.0,0,0.0,0.0
2020-08-09,,15.0,91,0.0,0.0
2020-08-10,,12.0,0,0.0,0.0
2020-08-11,,11.0,0,0.0,0.0
2020-08-12,,13.0,0,0.0,0.0
2020-08-13,,9.0,0,0.0,0.0
2020-08-14,,0.0,0,0.0,0.0
2020-08-15,,13.0,0,0.0,0.0
2020-08-16,,0.0,0,0.0,0.0
2020-08-17,,12.0,0,0.0,0.0
2020-08-18,,21.0,65,0.0,0.0
2020-08-19,,10.0,84,0.0,0.0
2020-08-20,,0.0,68,0.0,0.0
2020-08-21,,12.0,0,0.0,0.0
2020-08-22,,10.0,0,0.0,79.0
2020-08-23,,13.0,82,0.0,0.0
2020-08-24,,10.0,0,0.0,0.0
2020-08-25,,0.0,0,0.0,0.0
2020-08-26,,0.0,0,0.0,0.0
2020-08-27,,11.0,0,0.0,0.0
2020-08-28,,12.0,0,0.0,0.0
2020-08-29,,0.0,100,0.0,0.0
2020-08-30,,0.0,0,0.0,0.0
2020-08-31,,12.0,0,0.0,0.0
2020-09-01,,13.0,0,100.0,66.0
2020-09-02,,12.0,0,0.0,0.0
2020-09-03,,14.0,0,0.0,0.0
2020-09-04,,9.0,0,0.0,0.0
2020-09-05,,18.0,0,0.0,0.0
2020-09-06,,11.0,0,0.0,0.0
2020-09-07,,13.0,0,0.0,0.0
2020-09-08,,12.0,0,0.0,0.0
2020-09-09,,10.0,0,0.0,0.0
2020-09-10,,11.0,68,0.0,0.0
2020-09-11,,19.0,0,0.0,0.0
2020-09-12,,13.0,0,0.0,0.0
2020-09-13,,0.0,73,0.0,0.0
2020-09-14,,0.0,0,0.0,0.0
2020-09-15,,15.0,0,0.0,0.0
2020-09-16,,16.0,0,0.0,0.0
2020-09-17,,0.0,0,0.0,0.0
2020-09-18,,9.0,0,0.0,0.0
2020-09-19,,16.0,75,0.0,0.0
2020-09-20,,18.0,0,0.0,0.0
2020-09-21,0.0,9.0,62,0.0,0.0
2020-09-22,0.0,0.0,0,0.0,0.0
2020-09-23,0.0,66.0,4,0.0,0.0
2020-09-24,0.0,68.0,0,0.0,0.0
2020-09-25,0.0,51.0,0,0.0,0.0
2020-09-26,0.0,0.0,0,0.0,0.0
2020-09-27,0.0,0.0,0,0.0,0.0
2020-09-28,0.0,77.0,0,0.0,0.0
2020-09-29,0.0,0.0,0,0.0,0.0
2020-09-30,0.0,62.0,0,0.0,0.0
2020-10-01,0.0,48.0,0,0.0,0.0
2020-10-02,0.0,59.0,0,0.0,0.0
2020-10-03,0.0,0.0,5,0.0,0.0
2020-10-04,0.0,0.0,6,0.0,1.0
2020-10-05,0.0,64.0,0,0.0,0.0
2020-10-06,66.0,68.0,6,0.0,0.0
2020-10-07,0.0,0.0,4,0.0,0.0
2020-10-08,0.0,0.0,4,0.0,0.0
2020-10-09,0.0,0.0,4,0.0,0.0
2020-10-10,0.0,0.0,8,0.0,1.0
2020-10-11,0.0,0.0,8,0.0,0.0
2020-10-12,0.0,0.0,4,0.0,4.0
2020-10-13,0.0,0.0,5,0.0,4.0
2020-10-14,20.0,52.0,14,0.0,6.0
2020-10-15,27.0,62.0,13,0.0,6.0
2020-10-16,0.0,0.0,13,0.0,5.0
2020-10-17,18.0,0.0,11,0.0,4.0
2020-10-18,0.0,83.0,11,0.0,4.0
2020-10-19,0.0,0.0,11,0.0,3.0
2020-10-20,0.0,0.0,10,0.0,4.0
2020-10-21,0.0,52.0,13,0.0,4.0
2020-10-22,28.0,0.0,16,0.0,11.0
2020-10-23,21.0,64.0,17,0.0,9.0
2020-10-24,30.0,80.0,20,0.0,7.0
2020-10-25,0.0,0.0,29,0.0,9.0
2020-10-26,33.0,52.0,19,0.0,8.0
2020-10-27,20.0,0.0,21,0.0,6.0
2020-10-28,22.0,0.0,18,0.0,6.0
2020-10-29,30.0,0.0,20,0.0,7.0
2020-10-30,23.0,0.0,29,0.0,7.0
2020-10-31,0.0,0.0,27,0.0,10.0
2020-11-01,0.0,0.0,25,0.0,10.0
2020-11-02,21.0,0.0,18,0.0,6.0
2020-11-03,0.0,55.0,15,0.0,7.0
2020-11-04,62.0,64.0,35,74.0,26.0
2020-11-05,37.0,65.0,43,0.0,13.0
2020-11-06,40.0,0.0,36,0.0,13.0
2020-11-07,35.0,66.0,43,0.0,12.0
2020-11-08,40.0,0.0,66,0.0,16.0
2020-11-09,89.0,98.0,99,0.0,37.0
2020-11-10,68.0,0.0,100,0.0,35.0
2020-11-11,51.0,0.0,68,0.0,26.0
2020-11-12,28.0,0.0,51,0.0,17.0
2020-11-13,0.0,0.0,48,0.0,15.0
2020-11-14,92.0,0.0,74,0.0,58.0
2020-11-15,100.0,0.0,66,0.0,100.0
2020-11-16,74.0,84.0,37,0.0,43.0
2020-11-17,31.0,78.0,26,0.0,18.0
2020-11-18,24.0,61.0,20,0.0,13.0
2020-11-19,0.0,64.0,24,0.0,10.0
2020-11-20,0.0,72.0,18,100.0,10.0
2020-11-21,0.0,62.0,13,0.0,10.0
2020-11-22,0.0,100.0,22,99.0,10.0
2020-11-23,0.0,74.0,16,0.0,7.0
2020-11-24,0.0,0.0,14,0.0,10.0
2020-11-25,28.0,67.0,21,0.0,11.0
2020-11-26,0.0,0.0,16,0.0,8.0
2020-11-27,0.0,0.0,10,0.0,6.0
2020-11-28,37.0,64.0,12,0.0,6.0
2020-11-29,0.0,0.0,12,0.0,5.0
2020-11-30,0.0,0.0,11,0.0,5.0
2020-12-01,0.0,65.0,7,0.0,5.0
2020-12-02,0.0,0.0,11,0.0,3.0
2020-12-03,0.0,0.0,7,0.0,3.0
2020-12-04,0.0,0.0,0,0.0,3.0
2020-12-05,0.0,0.0,9,0.0,4.0
2020-12-06,0.0,0.0,100,,85.0
2020-12-07,0.0,0.0,59,,68.0
2020-12-08,0.0,0.0,50,,45.0
2020-12-09,0.0,20.0,49,,53.0
2020-12-10,0.0,0.0,62,,42.0
2020-12-11,0.0,0.0,61,,57.0
2020-12-12,0.0,0.0,75,,100.0
2020-12-13,100.0,0.0,83,,78.0
2020-12-14,0.0,0.0,49,,59.0
2020-12-15,0.0,0.0,0,,51.0
2020-12-16,0.0,0.0,50,,46.0
2020-12-17,0.0,0.0,0,,38.0
2020-12-18,0.0,0.0,52,,23.0
2020-12-19,0.0,0.0,0,,28.0
2020-12-20,0.0,0.0,68,,28.0
2020-12-21,0.0,0.0,0,,30.0
2020-12-22,0.0,0.0,0,,54.0
2020-12-23,0.0,0.0,55,,41.0
2020-12-24,0.0,0.0,37,,41.0
2020-12-25,0.0,0.0,0,,28.0
2020-12-26,0.0,0.0,42,,41.0
2020-12-27,96.0,0.0,42,,36.0
2020-12-28,0.0,0.0,0,,30.0
2020-12-29,0.0,0.0,0,,0.0
2020-12-30,0.0,0.0,0,,38.0
2020-12-31,0.0,0.0,0,,30.0
2021-01-01,0.0,0.0,50,,67.0
2021-01-02,0.0,0.0,0,,53.0
2021-01-03,0.0,0.0,41,,87.0
2021-01-04,0.0,0.0,0,,58.0
2021-01-05,0.0,0.0,0,,54.0
2021-01-06,0.0,0.0,0,,48.0
2021-01-07,0.0,0.0,0,,25.0
2021-01-08,0.0,0.0,41,,0.0
2021-01-09,0.0,0.0,57,,24.0
2021-01-10,0.0,0.0,0,,34.0
2021-01-11,0.0,0.0,0,,19.0
2021-01-12,0.0,0.0,0,,28.0
2021-01-13,0.0,0.0,0,,27.0
2021-01-14,0.0,0.0,0,,63.0
2021-01-15,85.0,100.0,47,,59.0
2021-01-16,0.0,0.0,48,,51.0
2021-01-17,0.0,0.0,0,,35.0
2021-01-18,0.0,0.0,0,,0.0
2021-01-19,0.0,0.0,0,,30.0
2021-01-20,0.0,0.0,41,,20.0
2021-01-21,0.0,0.0,0,,27.0
2021-01-22,0.0,0.0,47,,0.0
2021-01-23,0.0,29.0,0,,37.0
2021-01-24,0.0,0.0,0,,0.0
2021-01-25,0.0,0.0,46,,29.0
2021-01-26,0.0,0.0,0,,25.0
2021-01-27,0.0,0.0,0,,25.0
2021-01-28,0.0,0.0,0,,19.0
2021-01-29,0.0,0.0,0,,0.0
2021-01-30,0.0,0.0,0,,20.0
2021-01-31,0.0,0.0,47,,0.0
2021-02-01,0.0,0.0,0,,18.0
2021-02-02,0.0,0.0,0,,0.0
2021-02-03,0.0,0.0,0,,24.0
2021-02-04,0.0,0.0,0,,32.0
2021-02-05,0.0,0.0,0,,0.0
2021-02-06,0.0,0.0,0,,0.0
2021-02-07,0.0,0.0,0,,0.0
2021-02-08,0.0,0.0,36,,0.0
2021-02-09,0.0,0.0,0,,24.0
2021-02-10,0.0,0.0,0,,0.0
2021-02-11,0.0,0.0,0,,19.0
2021-02-12,0.0,0.0,0,,29.0
2021-02-13,0.0,0.0,0,,26.0
2021-02-14,0.0,22.0,0,,0.0
2021-02-15,0.0,0.0,63,,0.0
2021-02-16,0.0,0.0,0,,0.0
2021-02-17,0.0,0.0,0,,0.0
2021-02-18,0.0,0.0,0,0.0,0.0
2021-02-19,0.0,0.0,0,0.0,56.0
2021-02-20,0.0,0.0,43,0.0,0.0
2021-02-21,0.0,0.0,69,0.0,0.0
2021-02-22,0.0,0.0,42,0.0,0.0
2021-02-23,0.0,0.0,0,0.0,0.0
2021-02-24,0.0,0.0,0,0.0,0.0
2021-02-25,0.0,0.0,0,0.0,0.0
2021-02-26,0.0,0.0,0,0.0,0.0
2021-02-27,0.0,0.0,48,0.0,0.0
2021-02-28,0.0,0.0,0,0.0,0.0
2021-03-01,0.0,0.0,0,0.0,0.0
2021-03-02,0.0,0.0,0,0.0,0.0
2021-03-03,0.0,0.0,0,0.0,0.0
2021-03-04,0.0,0.0,0,0.0,0.0
2021-03-05,0.0,0.0,0,0.0,0.0
2021-03-06,0.0,0.0,0,0.0,0.0
2021-03-07,0.0,0.0,0,0.0,0.0
2021-03-08,0.0,0.0,0,0.0,0.0
2021-03-09,0.0,0.0,0,0.0,0.0
2021-03-10,0.0,0.0,45,0.0,0.0
2021-03-11,0.0,0.0,0,0.0,0.0
2021-03-12,0.0,0.0,0,0.0,0.0
2021-03-13,0.0,0.0,0,0.0,0.0
2021-03-14,0.0,0.0,57,0.0,0.0
2021-03-15,100.0,0.0,41,0.0,0.0
2021-03-16,0.0,0.0,0,0.0,0.0
2021-03-17,0.0,0.0,0,0.0,63.0
2021-03-18,0.0,0.0,0,0.0,57.0
2021-03-19,0.0,0.0,42,0.0,62.0
2021-03-20,0.0,0.0,0,0.0,0.0
2021-03-21,0.0,0.0,0,0.0,56.0
2021-03-22,0.0,0.0,47,0.0,0.0
2021-03-23,0.0,0.0,0,0.0,0.0
2021-03-24,0.0,0.0,0,0.0,0.0
2021-03-25,0.0,0.0,0,0.0,0.0
2021-03-26,0.0,0.0,0,0.0,0.0
2021-03-27,0.0,0.0,0,0.0,0.0
2021-03-28,0.0,0.0,0,0.0,0.0
2021-03-29,0.0,0.0,0,0.0,0.0
2021-03-30,0.0,0.0,92,0.0,51.0
2021-03-31,0.0,0.0,0,0.0,0.0
2021-04-01,0.0,0.0,0,0.0,0.0
2021-04-02,0.0,0.0,0,0.0,0.0
2021-04-03,0.0,0.0,0,0.0,0.0
2021-04-04,0.0,0.0,0,0.0,0.0
2021-04-05,0.0,0.0,0,0.0,0.0
2021-04-06,0.0,0.0,0,0.0,53.0
2021-04-07,0.0,0.0,0,0.0,54.0
2021-04-08,0.0,0.0,0,0.0,0.0
2021-04-09,0.0,0.0,0,0.0,0.0
2021-04-10,59.0,0.0,0,0.0,0.0
2021-04-11,0.0,0.0,0,0.0,0.0
2021-04-12,0.0,0.0,0,0.0,0.0
2021-04-13,0.0,0.0,0,0.0,0.0
2021-04-14,0.0,20.0,0,0.0,0.0
2021-04-15,0.0,26.0,0,0.0,0.0
2021-04-16,0.0,32.0,0,0.0,0.0
2021-04-17,0.0,69.0,82,0.0,0.0
2021-04-18,0.0,100.0,71,0.0,0.0
2021-04-19,0.0,66.0,58,77.0,0.0
2021-04-20,0.0,62.0,55,82.0,0.0
2021-04-21,0.0,81.0,73,0.0,0.0
2021-04-22,0.0,81.0,68,0.0,71.0
2021-04-23,0.0,84.0,80,100.0,75.0
2021-04-24,0.0,82.0,65,0.0,100.0
2021-04-25,0.0,77.0,0,0.0,0.0
2021-04-26,0.0,82.0,81,90.0,0.0
2021-04-27,0.0,96.0,87,87.0,79.0
2021-04-28,0.0,59.0,88,0.0,0.0
2021-04-29,0.0,94.0,89,0.0,0.0
2021-04-30,0.0,86.0,62,87.0,60.0
2021-05-01,0.0,93.0,89,0.0,0.0
2021-05-02,0.0,46.0,85,0.0,0.0
2021-05-03,0.0,71.0,100,0.0,0.0
2021-05-04,0.0,50.0,69,0.0,0.0
2021-05-05,100.0,70.0,53,0.0,0.0
2021-05-06,0.0,70.0,0,82.0,0.0
2021-05-07,0.0,69.0,74,0.0,0.0
2021-05-08,0.0,50.0,100,0.0,0.0
2021-05-09,0.0,70.0,0,0.0,0.0
2021-05-10,0.0,72.0,59,0.0,0.0
2021-05-11,0.0,70.0,0,0.0,0.0
2021-05-12,0.0,100.0,0,0.0,0.0
2021-05-13,0.0,62.0,65,0.0,0.0
2021-05-14,0.0,58.0,0,0.0,0.0
2021-05-15,0.0,69.0,58,100.0,0.0
2021-05-16,0.0,59.0,79,0.0,0.0
2021-05-17,0.0,63.0,74,0.0,0.0
2021-05-18,77.0,60.0,64,0.0,0.0
2021-05-19,0.0,47.0,85,0.0,81.0
2021-05-20,0.0,58.0,0,0.0,45.0
2021-05-21,0.0,65.0,0,0.0,52.0
2021-05-22,0.0,55.0,0,0.0,59.0
2021-05-23,0.0,34.0,57,0.0,100.0
2021-05-24,0.0,48.0,54,0.0,0.0
2021-05-25,0.0,44.0,59,0.0,0.0
2021-05-26,0.0,46.0,0,0.0,0.0
2021-05-27,0.0,38.0,70,80.0,0.0
2021-05-28,0.0,42.0,0,0.0,0.0
2021-05-29,0.0,44.0,54,0.0,0.0
2021-05-30,0.0,28.0,0,0.0,0.0
2021-05-31,0.0,49.0,66,0.0,0.0
2021-06-01,0.0,39.0,0,0.0,0.0
2021-06-02,0.0,45.0,0,0.0,0.0
2021-06-03,0.0,48.0,0,0.0,0.0
2021-06-04,0.0,38.0,0,0.0,0.0
2021-06-05,0.0,0.0,0,0.0,0.0
2021-06-06,0.0,0.0,0,0.0,0.0
2021-06-07,0.0,0.0,0,0.0,0.0
2021-06-08,0.0,31.0,0,0.0,0.0
2021-06-09,0.0,23.0,0,0.0,0.0
2021-06-10,0.0,0.0,0,0.0,0.0
2021-06-11,0.0,0.0,0,0.0,0.0
2021-06-12,0.0,0.0,0,0.0,0.0
2021-06-13,0.0,0.0,0,0.0,0.0
2021-06-14,0.0,25.0,51,0.0,0.0
2021-06-15,0.0,0.0,0,0.0,0.0
2021-06-16,0.0,0.0,0,0.0,0.0
2021-06-17,0.0,0.0,0,0.0,0.0
2021-06-18,0.0,0.0,0,0.0,0.0
2021-06-19,0.0,0.0,0,0.0,0.0
2021-06-20,0.0,0.0,0,0.0,0.0
2021-06-21,0.0,34.0,0,0.0,0.0
2021-06-22,0.0,0.0,0,0.0,0.0
2021-06-23,0.0,0.0,0,0.0,0.0
2021-06-24,0.0,29.0,0,0.0,0.0
2021-06-25,0.0,22.0,0,0.0,0.0
2021-06-26,0.0,27.0,0,0.0,0.0
2021-06-27,0.0,0.0,0,0.0,0.0
2021-06-28,0.0,0.0,0,0.0,0.0
2021-06-29,0.0,32.0,0,0.0,0.0
2021-06-30,0.0,24.0,0,0.0,0.0
2021-07-01,0.0,0.0,0,0.0,0.0
2021-07-02,0.0,0.0,0,0.0,0.0
2021-07-03,0.0,0.0,0,0.0,0.0
2021-07-04,0.0,0.0,0,0.0,0.0
2021-07-05,0.0,0.0,0,0.0,0.0
2021-07-06,0.0,0.0,0,0.0,0.0
2021-07-07,0.0,0.0,0,0.0,0.0
2021-07-08,0.0,0.0,0,0.0,0.0
2021-07-09,0.0,0.0,0,0.0,0.0
2021-07-10,0.0,0.0,0,0.0,0.0
2021-07-11,0.0,0.0,0,0.0,0.0
2021-07-12,0.0,0.0,0,0.0,0.0
2021-07-13,0.0,0.0,0,0.0,0.0
2021-07-14,0.0,0.0,0,0.0,34.0
2021-07-15,0.0,28.0,0,0.0,0.0
2021-07-16,0.0,0.0,0,0.0,0.0
2021-07-17,0.0,0.0,0,0.0,0.0
2021-07-18,0.0,0.0,0,0.0,0.0
2021-07-19,,0.0,0,,0.0
2021-07-20,,0.0,0,,0.0
2021-07-21,,0.0,0,,0.0
2021-07-22,,0.0,0,,0.0
2021-07-23,,0.0,0,,0.0
2021-07-24,,0.0,0,,0.0
2021-07-25,,0.0,0,,0.0
2021-07-26,,0.0,0,,0.0
2021-07-27,,0.0,0,,0.0
2021-07-28,,0.0,0,,0.0
2021-07-29,,0.0,0,,0.0
2021-07-30,,0.0,0,,0.0
2021-07-31,,0.0,0,,100.0
2021-08-01,,0.0,0,,0.0
2021-08-02,,0.0,0,,0.0
2021-08-03,,0.0,0,,0.0
2021-08-04,,0.0,0,,0.0
2021-08-05,,0.0,77,,0.0
2021-08-06,,0.0,0,,0.0
2021-08-07,,0.0,0,,0.0
2021-08-08,,0.0,0,,0.0
2021-08-09,,0.0,0,,0.0
2021-08-10,,0.0,0,,0.0
2021-08-11,,0.0,0,,0.0
2021-08-12,,0.0,0,,0.0
2021-08-13,,0.0,0,,0.0
2021-08-14,,0.0,0,,0.0
2021-08-15,,0.0,0,,0.0
2021-08-16,,0.0,0,,0.0
2021-08-17,,0.0,0,,0.0
2021-08-18,,0.0,0,,0.0
2021-08-19,,0.0,0,,0.0
2021-08-20,,0.0,0,,0.0
2021-08-21,,0.0,0,,0.0
2021-08-22,,0.0,0,,0.0
2021-08-23,,0.0,0,,0.0
2021-08-24,,0.0,0,,0.0
2021-08-25,,0.0,0,,0.0
2021-08-26,,0.0,0,,0.0
2021-08-27,,0.0,0,,0.0
2021-08-28,,0.0,0,,0.0
2021-08-29,,0.0,0,,0.0
2021-08-30,,0.0,0,,0.0
2021-08-31,,0.0,0,,0.0
2021-09-01,,0.0,0,,0.0
2021-09-02,,0.0,0,,0.0
2021-09-03,,0.0,0,,0.0
2021-09-04,,0.0,0,,0.0
2021-09-05,,0.0,0,,0.0
2021-09-06,,0.0,100,,0.0
2021-09-07,,0.0,0,,0.0
2021-09-08,,0.0,0,,0.0
2021-09-09,,95.0,0,,0.0
2021-09-10,,0.0,0,,0.0
2021-09-11,,0.0,0,,0.0
2021-09-12,,0.0,0,,0.0
2021-09-13,,0.0,0,,0.0
2021-09-14,,0.0,0,,0.0
2021-09-15,,0.0,0,,0.0
2021-09-16,,0.0,0,,0.0
2021-09-17,,0.0,0,,0.0
2021-09-18,,0.0,0,,0.0
2021-09-19,,0.0,0,,0.0
2021-09-20,,0.0,0,,0.0
2021-09-21,,0.0,0,,0.0
2021-09-22,,0.0,0,,0.0
2021-09-23,,0.0,0,,0.0
2021-09-24,,0.0,0,,0.0
2021-09-25,,0.0,0,,0.0
2021-09-26,,0.0,0,,0.0
2021-09-27,,100.0,0,,0.0
2021-09-28,,0.0,0,,0.0
2021-09-29,,0.0,0,,0.0
2021-09-30,,0.0,0,,0.0
2021-10-01,0.0,0.0,0,0.0,0.0
2021-10-02,0.0,83.0,0,0.0,0.0
2021-10-03,0.0,0.0,0,0.0,0.0
2021-10-04,0.0,0.0,11,0.0,0.0
2021-10-05,0.0,0.0,0,0.0,0.0
2021-10-06,0.0,0.0,0,0.0,0.0
2021-10-07,0.0,0.0,0,0.0,0.0
2021-10-08,0.0,0.0,0,0.0,0.0
2021-10-09,0.0,0.0,0,0.0,0.0
2021-10-10,0.0,0.0,18,0.0,0.0
2021-10-11,0.0,0.0,0,0.0,0.0
2021-10-12,0.0,0.0,0,0.0,3.0
2021-10-13,0.0,0.0,0,0.0,0.0
2021-10-14,0.0,0.0,0,0.0,0.0
2021-10-15,0.0,0.0,14,0.0,0.0
2021-10-16,0.0,0.0,16,0.0,7.0
2021-10-17,0.0,0.0,16,0.0,7.0
2021-10-18,0.0,0.0,0,0.0,5.0
2021-10-19,0.0,0.0,15,0.0,3.0
2021-10-20,0.0,0.0,0,0.0,3.0
2021-10-21,0.0,0.0,0,0.0,3.0
2021-10-22,0.0,0.0,15,0.0,0.0
2021-10-23,0.0,0.0,18,0.0,0.0
2021-10-24,0.0,0.0,0,0.0,3.0
2021-10-25,0.0,0.0,0,0.0,0.0
2021-10-26,0.0,0.0,16,0.0,4.0
2021-10-27,0.0,0.0,0,0.0,4.0
2021-10-28,0.0,0.0,18,0.0,3.0
2021-10-29,0.0,0.0,22,0.0,3.0
2021-10-30,0.0,0.0,0,0.0,4.0
2021-10-31,0.0,0.0,19,100.0,4.0
2021-11-01,0.0,0.0,0,0.0,4.0
2021-11-02,0.0,0.0,31,0.0,6.0
2021-11-03,0.0,0.0,25,0.0,12.0
2021-11-04,51.0,0.0,62,0.0,86.0
2021-11-05,43.0,0.0,100,0.0,100.0
2021-11-06,32.0,92.0,68,0.0,52.0
2021-11-07,21.0,0.0,69,0.0,38.0
2021-11-08,0.0,0.0,44,0.0,28.0
2021-11-09,0.0,0.0,70,0.0,19.0
2021-11-10,0.0,0.0,42,0.0,18.0
2021-11-11,0.0,0.0,42,0.0,27.0
2021-11-12,38.0,0.0,78,0.0,34.0
2021-11-13,100.0,0.0,96,0.0,63.0
2021-11-14,78.0,0.0,96,0.0,59.0
2021-11-15,53.0,0.0,83,0.0,56.0
2021-11-16,49.0,0.0,64,0.0,46.0
2021-11-17,57.0,0.0,59,0.0,43.0
2021-11-18,42.0,0.0,61,0.0,40.0
2021-11-19,31.0,0.0,38,0.0,37.0
2021-11-20,37.0,0.0,49,0.0,36.0
2021-11-21,52.0,100.0,47,0.0,45.0
2021-11-22,33.0,0.0,25,0.0,42.0
2021-11-23,20.0,0.0,25,0.0,31.0
2021-11-24,31.0,0.0,41,0.0,35.0
2021-11-25,33.0,0.0,30,0.0,24.0
2021-11-26,25.0,0.0,33,0.0,33.0
2021-11-27,0.0,0.0,41,0.0,28.0
2021-11-28,18.0,0.0,33,0.0,24.0
2021-11-29,15.0,0.0,27,0.0,25.0
2021-11-30,0.0,0.0,30,0.0,17.0
2021-12-01,16.0,0.0,18,0.0,22.0
2021-12-02,44.0,0.0,18,0.0,55.0
2021-12-03,26.0,85.0,33,0.0,44.0
2021-12-04,17.0,0.0,24,0.0,30.0
2021-12-05,0.0,0.0,25,0.0,29.0
2021-12-06,0.0,0.0,15,0.0,23.0
2021-12-07,15.0,0.0,17,0.0,29.0
2021-12-08,0.0,0.0,0,0.0,19.0
2021-12-09,0.0,0.0,20,0.0,16.0
2021-12-10,0.0,0.0,0,0.0,13.0
2021-12-11,0.0,0.0,15,0.0,15.0
2021-12-12,0.0,0.0,23,0.0,18.0
2021-12-13,16.0,0.0,12,0.0,14.0
2021-12-14,0.0,0.0,0,0.0,14.0
2021-12-15,0.0,0.0,20,0.0,15.0
2021-12-16,56.0,0.0,52,,67.0
2021-12-17,0.0,0.0,0,,86.0
2021-12-18,0.0,0.0,0,,79.0
2021-12-19,0.0,0.0,0,,60.0
2021-12-20,0.0,0.0,77,,63.0
2021-12-21,0.0,0.0,67,,59.0
2021-12-22,0.0,0.0,50,,51.0
2021-12-23,0.0,0.0,0,,56.0
2021-12-24,53.0,0.0,100,,47.0
2021-12-25,0.0,0.0,0,,63.0
2021-12-26,100.0,0.0,55,,100.0
2021-12-27,0.0,0.0,69,,100.0
2021-12-28,0.0,0.0,0,,56.0
2021-12-29,0.0,0.0,0,,36.0
2021-12-30,0.0,41.0,61,,34.0
2021-12-31,0.0,0.0,0,,26.0
2022-01-01,0.0,0.0,0,,33.0
2022-01-02,0.0,0.0,0,,27.0
2022-01-03,50.0,72.0,0,,27.0
2022-01-04,0.0,0.0,65,,36.0
2022-01-05,0.0,57.0,51,,50.0
2022-01-06,0.0,60.0,0,,49.0
2022-01-07,0.0,92.0,59,,34.0
2022-01-08,0.0,62.0,67,,93.0
2022-01-09,0.0,90.0,0,,95.0
2022-01-10,0.0,100.0,0,,44.0
2022-01-11,0.0,81.0,0,,24.0
2022-01-12,0.0,51.0,0,,19.0
2022-01-13,0.0,50.0,0,,30.0
2022-01-14,0.0,56.0,0,,22.0
2022-01-15,0.0,0.0,75,,31.0
2022-01-16,0.0,0.0,0,,23.0
2022-01-17,0.0,51.0,81,,15.0
2022-01-18,0.0,0.0,58,,21.0
2022-01-19,0.0,65.0,0,,28.0
2022-01-20,0.0,0.0,0,,21.0
2022-01-21,0.0,42.0,44,,19.0
2022-01-22,0.0,0.0,0,,40.0
2022-01-23,0.0,0.0,0,,26.0
2022-01-24,0.0,0.0,60,,20.0
2022-01-25,0.0,0.0,0,,22.0
2022-01-26,0.0,0.0,0,,15.0
2022-01-27,0.0,56.0,0,,0.0
2022-01-28,0.0,0.0,0,,16.0
2022-01-29,0.0,0.0,0,,18.0
2022-01-30,0.0,0.0,0,,13.0
2022-01-31,0.0,0.0,0,,0.0
2022-02-01,0.0,0.0,0,,18.0
2022-02-02,0.0,0.0,0,,19.0
2022-02-03,0.0,0.0,46,,14.0
2022-02-04,0.0,0.0,0,,15.0
2022-02-05,0.0,0.0,0,,0.0
2022-02-06,0.0,0.0,56,,17.0
2022-02-07,0.0,0.0,0,,11.0
2022-02-08,0.0,0.0,0,,9.0
2022-02-09,0.0,0.0,0,,14.0
2022-02-10,0.0,0.0,0,,0.0
2022-02-11,0.0,0.0,0,,0.0
2022-02-12,0.0,0.0,55,,18.0
2022-02-13,0.0,0.0,0,,11.0
2022-02-14,0.0,0.0,0,,10.0
2022-02-15,0.0,0.0,0,,10.0
2022-02-16,0.0,0.0,0,,16.0
2022-02-17,0.0,0.0,0,,8.0
2022-02-18,0.0,0.0,0,,0.0
2022-02-19,0.0,0.0,0,,10.0
2022-02-20,0.0,0.0,0,,10.0
2022-02-21,0.0,0.0,0,,0.0
2022-02-22,0.0,0.0,40,,0.0
2022-02-23,0.0,0.0,0,,9.0
2022-02-24,0.0,0.0,0,,8.0
2022-02-25,0.0,0.0,0,,9.0
2022-02-26,0.0,0.0,0,,10.0
2022-02-27,0.0,0.0,0,,14.0
2022-02-28,0.0,0.0,37,,11.0
2022-03-01,0.0,0.0,0,,63.0
2022-03-02,0.0,0.0,49,,84.0
2022-03-03,0.0,0.0,65,,65.0
2022-03-04,0.0,0.0,0,,0.0
2022-03-05,0.0,0.0,0,,0.0
2022-03-06,0.0,0.0,0,,82.0
2022-03-07,0.0,0.0,0,,62.0
2022-03-08,0.0,0.0,0,,0.0
2022-03-09,0.0,0.0,0,,0.0
2022-03-10,0.0,0.0,48,,59.0
2022-03-11,0.0,0.0,52,,0.0
2022-03-12,0.0,0.0,100,,0.0
2022-03-13,0.0,0.0,0,,0.0
2022-03-14,0.0,0.0,55,,65.0
2022-03-15,0.0,0.0,0,,0.0
2022-03-16,0.0,0.0,0,,0.0
2022-03-17,0.0,0.0,0,,0.0
2022-03-18,0.0,0.0,0,,0.0
2022-03-19,0.0,0.0,68,,0.0
2022-03-20,0.0,0.0,0,,84.0
2022-03-21,0.0,0.0,0,,65.0
2022-03-22,0.0,0.0,0,,90.0
2022-03-23,0.0,0.0,0,,67.0
2022-03-24,0.0,0.0,66,,0.0
2022-03-25,0.0,0.0,51,,0.0
2022-03-26,0.0,0.0,0,,0.0
2022-03-27,0.0,0.0,0,,0.0
2022-03-28,0.0,0.0,0,,0.0
2022-03-29,0.0,0.0,46,,64.0
2022-03-30,0.0,100.0,88,,0.0
2022-03-31,0.0,0.0,0,,0.0
2022-04-01,0.0,0.0,0,,57.0
2022-04-02,0.0,0.0,69,,55.0
2022-04-03,0.0,0.0,0,,0.0
2022-04-04,0.0,0.0,0,,0.0
2022-04-05,0.0,0.0,0,,0.0
2022-04-06,0.0,0.0,0,,0.0
2022-04-07,0.0,0.0,0,,0.0
2022-04-08,0.0,0.0,0,,0.0
2022-04-09,0.0,0.0,0,,0.0
2022-04-10,0.0,0.0,0,,85.0
2022-04-11,0.0,0.0,56,,0.0
2022-04-12,0.0,0.0,0,,80.0
2022-04-13,0.0,0.0,0,,0.0
2022-04-14,0.0,0.0,0,,59.0
2022-04-15,0.0,0.0,0,,0.0
2022-04-16,0.0,0.0,0,,0.0
2022-04-17,0.0,0.0,69,,69.0
2022-04-18,0.0,0.0,72,,0.0
2022-04-19,0.0,0.0,0,,64.0
2022-04-20,0.0,0.0,54,,0.0
2022-04-21,0.0,0.0,0,,86.0
2022-04-22,0.0,0.0,0,,0.0
2022-04-23,0.0,0.0,86,,0.0
2022-04-24,0.0,0.0,0,,0.0
2022-04-25,0.0,0.0,49,,0.0
2022-04-26,0.0,0.0,44,,70.0
2022-04-27,0.0,75.0,88,,100.0
2022-04-28,55.0,0.0,66,,0.0
2022-04-29,0.0,0.0,0,,0.0
2022-04-30,0.0,0.0,0,,0.0
2022-05-01,0.0,0.0,82,,0.0
2022-05-02,0.0,0.0,0,,0.0
2022-05-03,0.0,0.0,61,,0.0
2022-05-04,0.0,0.0,0,,65.0
2022-05-05,0.0,0.0,58,,0.0
2022-05-06,0.0,0.0,0,,72.0
2022-05-07,0.0,0.0,0,,0.0
2022-05-08,0.0,0.0,65,,0.0
2022-05-09,0.0,0.0,0,,0.0
2022-05-10,0.0,0.0,0,,82.0
2022-05-11,0.0,0.0,0,,68.0
2022-05-12,0.0,0.0,0,,0.0
2022-05-13,0.0,0.0,0,,0.0
2022-05-14,100.0,0.0,0,,90.0
2022-05-15,0.0,0.0,0,,48.0
2022-05-16,0.0,0.0,0,,0.0
2022-05-17,0.0,0.0,0,,100.0
2022-05-18,0.0,0.0,0,,45.0
2022-05-19,0.0,0.0,0,,0.0
2022-05-20,0.0,0.0,0,,40.0
2022-05-21,0.0,0.0,0,,0.0
2022-05-22,0.0,0.0,0,,0.0
2022-05-23,0.0,0.0,0,,84.0
2022-05-24,0.0,0.0,0,,57.0
2022-05-25,0.0,0.0,0,,0.0
2022-05-26,0.0,0.0,0,,0.0
2022-05-27,0.0,0.0,0,,0.0
2022-05-28,0.0,0.0,0,,0.0
2022-05-29,0.0,0.0,0,,0.0
2022-05-30,0.0,0.0,0,,0.0
2022-05-31,0.0,0.0,66,,0.0
2022-06-01,0.0,0.0,0,,0.0
2022-06-02,0.0,0.0,76,,0.0
2022-06-03,0.0,0.0,0,,0.0
2022-06-04,0.0,0.0,0,,0.0
2022-06-05,0.0,0.0,0,,0.0
2022-06-06,0.0,0.0,0,,0.0
2022-06-07,0.0,0.0,0,,45.0
2022-06-08,0.0,0.0,0,,64.0
2022-06-09,0.0,0.0,0,,0.0
2022-06-10,0.0,0.0,100,,71.0
2022-06-11,0.0,0.0,0,,0.0
2022-06-12,0.0,0.0,0,,52.0
2022-06-13,0.0,0.0,73,,0.0
2022-06-14,0.0,0.0,0,,0.0
2022-06-15,0.0,0.0,0,,43.0
2022-06-16,0.0,0.0,0,,0.0
2022-06-17,0.0,0.0,0,,0.0
2022-06-18,0.0,0.0,0,,63.0
2022-06-19,0.0,0.0,0,,0.0
2022-06-20,0.0,0.0,0,,48.0
2022-06-21,0.0,0.0,0,,43.0
2022-06-22,0.0,0.0,0,,0.0
2022-06-23,0.0,0.0,0,,0.0
2022-06-24,0.0,0.0,0,,0.0
2022-06-25,0.0,0.0,0,,0.0
2022-06-26,0.0,0.0,0,,0.0
2022-06-27,0.0,0.0,0,,0.0
2022-06-28,0.0,0.0,72,,0.0
2022-06-29,0.0,0.0,0,,0.0
2022-06-30,0.0,0.0,0,,69.0
2022-07-01,0.0,0.0,0,,45.0
2022-07-02,0.0,0.0,0,,0.0
2022-07-03,0.0,0.0,69,,0.0
2022-07-04,0.0,0.0,0,,0.0
2022-07-05,0.0,0.0,0,,0.0
2022-07-06,0.0,0.0,0,,39.0
2022-07-07,0.0,0.0,0,,0.0
2022-07-08,0.0,0.0,0,,0.0
2022-07-09,0.0,0.0,0,,0.0
2022-07-10,0.0,0.0,0,,0.0
2022-07-11,0.0,0.0,0,,46.0
2022-07-12,0.0,0.0,0,,0.0
2022-07-13,0.0,0.0,91,,0.0
2022-07-14,0.0,0.0,0,,0.0
2022-07-15,0.0,0.0,0,,0.0
2022-07-16,0.0,0.0,68,,44.0
2022-07-17,0.0,0.0,0,,0.0
2022-07-18,0.0,0.0,0,,0.0
2022-07-19,0.0,100.0,0,,0.0
2022-07-20,0.0,0.0,0,,0.0
2022-07-21,0.0,0.0,0,,0.0
2022-07-22,0.0,0.0,0,,0.0
2022-07-23,0.0,0.0,0,,0.0
2022-07-24,0.0,0.0,0,,0.0
2022-07-25,0.0,0.0,0,,0.0
2022-07-26,0.0,0.0,0,,0.0
2022-07-27,0.0,0.0,0,,0.0
2022-07-28,0.0,0.0,76,,0.0
2022-07-29,0.0,0.0,0,,0.0
2022-07-30,0.0,0.0,0,,0.0
2022-07-31,0.0,0.0,0,,0.0
2022-08-01,0.0,0.0,0,,0.0
2022-08-02,0.0,0.0,0,,0.0
2022-08-03,91.0,0.0,0,,0.0
2022-08-04,0.0,0.0,0,,0.0
2022-08-05,0.0,0.0,0,,0.0
2022-08-06,0.0,0.0,0,,0.0
2022-08-07,0.0,0.0,0,,0.0
2022-08-08,0.0,0.0,0,,0.0
2022-08-09,0.0,0.0,0,,0.0
2022-08-10,0.0,0.0,58,,0.0
2022-08-11,0.0,0.0,0,,66.0
2022-08-12,0.0,0.0,0,,0.0
2022-08-13,100.0,0.0,0,,0.0
2022-08-14,0.0,0.0,0,,0.0
2022-08-15,0.0,0.0,0,,0.0
2022-08-16,0.0,0.0,0,,0.0
2022-08-17,0.0,0.0,0,,48.0
2022-08-18,0.0,0.0,0,,34.0
2022-08-19,0.0,0.0,0,,0.0
2022-08-20,0.0,0.0,0,,0.0
2022-08-21,0.0,0.0,68,,0.0
2022-08-22,0.0,0.0,0,,0.0
2022-08-23,0.0,0.0,0,,0.0
2022-08-24,0.0,0.0,0,,0.0
2022-08-25,0.0,0.0,0,,0.0
2022-08-26,0.0,0.0,0,,0.0
2022-08-27,0.0,0.0,76,,0.0
2022-08-28,0.0,0.0,89,,0.0
2022-08-29,0.0,0.0,0,,0.0
2022-08-30,0.0,0.0,0,,0.0
2022-08-31,0.0,0.0,0,,0.0
2022-09-01,0.0,0.0,54,,0.0
2022-09-02,0.0,0.0,0,,0.0
2022-09-03,0.0,0.0,0,,0.0
2022-09-04,0.0,0.0,0,,0.0
2022-09-05,0.0,0.0,0,,0.0
2022-09-06,0.0,0.0,0,,0.0
2022-09-07,0.0,0.0,0,,0.0
2022-09-08,0.0,0.0,0,,0.0
2022-09-09,0.0,0.0,64,,0.0
2022-09-10,0.0,0.0,0,,0.0
2022-09-11,0.0,0.0,0,,0.0
2022-09-12,0.0,0.0,0,,0.0
2022-09-13,0.0,0.0,0,,33.0
2022-09-14,0.0,0.0,0,,0.0
2022-09-15,0.0,0.0,0,,47.0
2022-09-16,0.0,0.0,0,,39.0
2022-09-17,0.0,0.0,0,,44.0
2022-09-18,0.0,0.0,0,,0.0
2022-09-19,0.0,0.0,0,,32.0
2022-09-20,0.0,0.0,0,,48.0
2022-09-21,0.0,0.0,0,,32.0
2022-09-22,0.0,0.0,60,,37.0
2022-09-23,0.0,0.0,81,,62.0
2022-09-24,0.0,0.0,0,,65.0
2022-09-25,0.0,0.0,61,,41.0
2022-09-26,0.0,0.0,0,,45.0
2022-09-27,0.0,0.0,0,,0.0
2022-09-28,0.0,0.0,70,,36.0
2022-09-29,0.0,0.0,0,,0.0
2022-09-30,0.0,0.0,67,,44.0
2022-10-01,0.0,0.0,0,,61.0
2022-10-02,0.0,0.0,0,,0.0
2022-10-03,0.0,0.0,54,,0.0
2022-10-04,0.0,100.0,80,,0.0
2022-10-05,0.0,0.0,65,,56.0
2022-10-06,0.0,0.0,49,,100.0
2022-10-07,0.0,0.0,100,,58.0
2022-10-08,0.0,0.0,0,,88.0
2022-10-09,0.0,0.0,54,,67.0
2022-10-10,0.0,0.0,0,,80.0
2022-10-11,0.0,0.0,52,0.0,71.0
2022-10-12,0.0,0.0,6,0.0,6.0
2022-10-13,0.0,0.0,0,0.0,3.0
2022-10-14,0.0,0.0,6,0.0,2.0
2022-10-15,0.0,0.0,6,0.0,5.0
2022-10-16,0.0,0.0,6,0.0,7.0
2022-10-17,0.0,0.0,10,0.0,5.0
2022-10-18,0.0,0.0,9,100.0,5.0
2022-10-19,0.0,0.0,7,0.0,6.0
2022-10-20,0.0,0.0,16,0.0,7.0
2022-10-21,0.0,0.0,13,0.0,9.0
2022-10-22,0.0,0.0,20,0.0,9.0
2022-10-23,14.0,0.0,16,0.0,14.0
2022-10-24,26.0,0.0,26,0.0,56.0
2022-10-25,19.0,0.0,18,0.0,63.0
2022-10-26,0.0,0.0,20,0.0,19.0
2022-10-27,17.0,0.0,12,86.0,17.0
2022-10-28,0.0,0.0,16,0.0,20.0
2022-10-29,16.0,0.0,24,0.0,28.0
2022-10-30,13.0,0.0,17,0.0,22.0
2022-10-31,28.0,0.0,30,0.0,38.0
2022-11-01,22.0,0.0,33,0.0,35.0
2022-11-02,24.0,0.0,27,0.0,33.0
2022-11-03,74.0,0.0,67,0.0,85.0
2022-11-04,100.0,100.0,100,0.0,100.0
2022-11-05,69.0,0.0,85,0.0,80.0
2022-11-06,58.0,0.0,49,0.0,64.0
2022-11-07,48.0,0.0,40,0.0,63.0
2022-11-08,44.0,0.0,40,0.0,75.0
2022-11-09,19.0,0.0,24,0.0,50.0
2022-11-10,14.0,0.0,23,0.0,34.0
2022-11-11,33.0,0.0,24,0.0,42.0
2022-11-12,15.0,0.0,21,0.0,37.0
2022-11-13,13.0,0.0,26,0.0,26.0
2022-11-14,10.0,0.0,19,0.0,25.0
2022-11-15,12.0,0.0,18,0.0,24.0
2022-11-16,0.0,0.0,15,0.0,21.0
2022-11-17,0.0,0.0,13,0.0,15.0
2022-11-18,0.0,0.0,13,0.0,15.0
2022-11-19,0.0,0.0,11,0.0,12.0
2022-11-20,12.0,0.0,12,0.0,10.0
2022-11-21,9.0,0.0,15,0.0,10.0
2022-11-22,0.0,0.0,11,0.0,10.0
2022-11-23,0.0,0.0,9,0.0,10.0
2022-11-24,0.0,0.0,10,0.0,8.0
2022-11-25,0.0,0.0,8,0.0,7.0
2022-11-26,0.0,0.0,15,0.0,9.0
2022-11-27,0.0,0.0,5,0.0,9.0
2022-11-28,0.0,0.0,11,0.0,9.0
2022-11-29,0.0,0.0,10,0.0,10.0
2022-11-30,0.0,0.0,11,0.0,9.0
2022-12-01,0.0,0.0,8,0.0,9.0
2022-12-02,0.0,0.0,12,0.0,8.0
2022-12-03,0.0,0.0,12,0.0,12.0
2022-12-04,0.0,0.0,14,0.0,14.0
2022-12-05,11.0,0.0,9,0.0,17.0
2022-12-06,0.0,0.0,13,0.0,16.0
2022-12-07,0.0,0.0,6,0.0,14.0
2022-12-08,0.0,0.0,11,0.0,11.0
2022-12-09,0.0,0.0,8,0.0,7.0
2022-12-10,0.0,0.0,8,0.0,8.0
2022-12-11,0.0,0.0,10,0.0,8.0
2022-12-12,0.0,0.0,6,0.0,7.0
2022-12-13,0.0,0.0,8,0.0,8.0
2022-12-14,0.0,0.0,5,0.0,7.0
2022-12-15,0.0,0.0,0,0.0,5.0
2022-12-16,0.0,0.0,6,0.0,4.0
2022-12-17,0.0,0.0,6,0.0,6.0
2022-12-18,0.0,0.0,8,0.0,10.0
2022-12-19,0.0,0.0,8,0.0,13.0
2022-12-20,0.0,0.0,9,0.0,14.0
2022-12-21,0.0,0.0,7,0.0,8.0
2022-12-22,0.0,0.0,10,0.0,6.0
2022-12-23,0.0,0.0,7,0.0,6.0
2022-12-24,0.0,0.0,13,0.0,5.0
2022-12-25,0.0,0.0,13,0.0,5.0
2022-12-26,0.0,0.0,83,0.0,45.0
2022-12-27,0.0,0.0,47,0.0,28.0
2022-12-28,0.0,0.0,68,0.0,36.0
2022-12-29,0.0,0.0,62,0.0,32.0
2022-12-30,0.0,0.0,75,0.0,43.0
2022-12-31,0.0,0.0,84,0.0,54.0
2023-01-01,0.0,0.0,0,0.0,70.0
2023-01-02,0.0,0.0,66,0.0,87.0
2023-01-03,0.0,0.0,65,0.0,61.0
2023-01-04,0.0,0.0,44,0.0,58.0
2023-01-05,84.0,0.0,59,0.0,52.0
2023-01-06,0.0,0.0,67,0.0,44.0
2023-01-07,0.0,0.0,44,0.0,54.0
2023-01-08,0.0,0.0,67,0.0,72.0
2023-01-09,0.0,0.0,62,0.0,100.0
2023-01-10,78.0,0.0,53,0.0,84.0
2023-01-11,0.0,0.0,51,0.0,89.0
2023-01-12,73.0,0.0,76,0.0,96.0
2023-01-13,0.0,0.0,44,0.0,83.0
2023-01-14,0.0,0.0,0,0.0,89.0
2023-01-15,70.0,0.0,0,0.0,84.0
2023-01-16,0.0,100.0,42,0.0,53.0
2023-01-17,0.0,0.0,50,0.0,38.0
2023-01-18,0.0,0.0,40,0.0,28.0
2023-01-19,0.0,0.0,68,0.0,35.0
2023-01-20,0.0,0.0,39,0.0,35.0
2023-01-21,0.0,0.0,83,0.0,41.0
2023-01-22,84.0,0.0,43,0.0,59.0
2023-01-23,75.0,0.0,0,0.0,57.0
2023-01-24,0.0,0.0,73,0.0,41.0
2023-01-25,0.0,0.0,0,0.0,40.0
2023-01-26,0.0,0.0,0,0.0,41.0
2023-01-27,0.0,0.0,44,0.0,27.0
2023-01-28,0.0,0.0,45,0.0,33.0
2023-01-29,0.0,0.0,40,0.0,73.0
2023-01-30,0.0,0.0,55,0.0,52.0
2023-01-31,0.0,0.0,39,0.0,47.0
2023-02-01,0.0,0.0,0,0.0,28.0
2023-02-02,0.0,0.0,0,100.0,25.0
2023-02-03,0.0,0.0,38,0.0,0.0
2023-02-04,0.0,0.0,0,0.0,13.0
2023-02-05,0.0,0.0,47,0.0,25.0
2023-02-06,0.0,0.0,0,0.0,19.0
2023-02-07,0.0,0.0,0,0.0,23.0
2023-02-08,0.0,0.0,49,0.0,23.0
2023-02-09,0.0,0.0,43,0.0,17.0
2023-02-10,0.0,0.0,0,0.0,20.0
2023-02-11,0.0,0.0,0,0.0,16.0
2023-02-12,0.0,0.0,0,0.0,24.0
2023-02-13,0.0,0.0,0,0.0,31.0
2023-02-14,0.0,0.0,0,0.0,22.0
2023-02-15,0.0,0.0,46,0.0,16.0
2023-02-16,0.0,0.0,0,0.0,26.0
2023-02-17,0.0,0.0,0,0.0,57.0
2023-02-18,0.0,0.0,0,0.0,36.0
2023-02-19,0.0,0.0,0,0.0,45.0
2023-02-20,0.0,0.0,0,0.0,29.0
2023-02-21,0.0,0.0,0,0.0,22.0
2023-02-22,0.0,0.0,0,0.0,44.0
2023-02-23,0.0,0.0,0,0.0,19.0
2023-02-24,0.0,0.0,39,0.0,23.0
2023-02-25,0.0,0.0,58,0.0,19.0
2023-02-26,0.0,0.0,58,0.0,24.0
2023-02-27,0.0,0.0,38,0.0,0.0
2023-02-28,0.0,0.0,48,0.0,12.0
2023-03-01,0.0,0.0,54,0.0,22.0
2023-03-02,0.0,0.0,0,0.0,11.0
2023-03-03,0.0,0.0,0,0.0,9.0
2023-03-04,0.0,0.0,0,0.0,15.0
2023-03-05,0.0,0.0,43,0.0,26.0
2023-03-06,0.0,0.0,0,0.0,15.0
2023-03-07,0.0,0.0,46,0.0,17.0
2023-03-08,100.0,0.0,0,0.0,0.0
2023-03-09,0.0,0.0,100,0.0,18.0
2023-03-10,0.0,0.0,0,0.0,16.0
2023-03-11,0.0,,51,,22.0
2023-03-12,0.0,,0,,22.0
2023-03-13,0.0,,70,,0.0
2023-03-14,0.0,,0,,23.0
2023-03-15,0.0,,0,,16.0
2023-03-16,78.0,,0,,20.0
2023-03-17,0.0,,44,,24.0
2023-03-18,0.0,,0,,24.0
2023-03-19,0.0,,100,,20.0
2023-03-20,0.0,,0,,36.0
2023-03-21,0.0,,0,,42.0
2023-03-22,0.0,,0,,30.0
2023-03-23,0.0,,0,,26.0
2023-03-24,0.0,,43,,28.0
2023-03-25,0.0,,56,,22.0
2023-03-26,0.0,,50,,0.0
2023-03-27,0.0,,0,,21.0
2023-03-28,0.0,,0,,18.0
2023-03-29,0.0,,0,,29.0
2023-03-30,0.0,,0,,31.0
2023-03-31,0.0,,0,,28.0
2023-04-01,0.0,,0,,23.0
2023-04-02,0.0,,50,,0.0
2023-04-03,0.0,,43,,14.0
2023-04-04,0.0,,0,,24.0
2023-04-05,0.0,,0,,0.0
2023-04-06,0.0,,0,,15.0
2023-04-07,0.0,,64,,21.0
2023-04-08,0.0,,0,,22.0
2023-04-09,0.0,,0,,16.0
2023-04-10,0.0,,0,,21.0
2023-04-11,0.0,,0,,15.0
2023-04-12,0.0,,0,,15.0
2023-04-13,0.0,,0,,23.0
2023-04-14,0.0,,0,,0.0
2023-04-15,0.0,,0,,0.0
2023-04-16,0.0,,47,,16.0
2023-04-17,0.0,,0,,0.0
2023-04-18,0.0,,42,,0.0
2023-04-19,0.0,,48,,15.0
2023-04-20,0.0,,0,,14.0
2023-04-21,0.0,,0,,0.0
2023-04-22,0.0,,0,,23.0
2023-04-23,0.0,,0,,23.0
2023-04-24,0.0,,0,,15.0
2023-04-25,0.0,,48,,0.0
2023-04-26,0.0,,0,,14.0
2023-04-27,0.0,,46,,0.0
2023-04-28,0.0,,0,,0.0
2023-04-29,0.0,,0,,0.0
2023-04-30,0.0,,54,,0.0
2023-05-01,0.0,,0,,20.0
2023-05-02,0.0,,0,,20.0
2023-05-03,0.0,,0,,23.0
2023-05-04,0.0,,0,,30.0
2023-05-05,0.0,,0,,0.0
2023-05-06,0.0,,0,,17.0
2023-05-07,0.0,,0,,0.0
2023-05-08,0.0,,0,,18.0
2023-05-09,0.0,,0,,0.0
2023-05-10,0.0,,0,,0.0
2023-05-11,0.0,,0,,0.0
2023-05-12,0.0,,56,,0.0
2023-05-13,0.0,,0,,0.0
2023-05-14,0.0,,0,,16.0
2023-05-15,0.0,,0,,0.0
2023-05-16,100.0,,43,,100.0
2023-05-17,0.0,,63,,31.0
2023-05-18,0.0,,0,,19.0
2023-05-19,0.0,,0,,0.0
2023-05-20,0.0,,0,,17.0
2023-05-21,0.0,,0,,0.0
2023-05-22,0.0,,0,,0.0
2023-05-23,0.0,,0,,0.0
2023-05-24,0.0,0.0,0,,0.0
2023-05-25,,0.0,0,,40.0
2023-05-26,,0.0,0,,0.0
2023-05-27,,0.0,0,,39.0
2023-05-28,,0.0,0,,40.0
2023-05-29,,0.0,0,,38.0
2023-05-30,,0.0,0,,47.0
2023-05-31,,0.0,0,,0.0
2023-06-01,,0.0,0,,36.0
2023-06-02,,0.0,85,,0.0
2023-06-03,,0.0,0,,0.0
2023-06-04,,0.0,0,,0.0
2023-06-05,,0.0,0,,0.0
2023-06-06,,0.0,0,,41.0
2023-06-07,,0.0,0,,0.0
2023-06-08,,0.0,0,,34.0
2023-06-09,,0.0,0,,37.0
2023-06-10,,0.0,0,,36.0
2023-06-11,,0.0,0,,0.0
2023-06-12,,0.0,0,,30.0
2023-06-13,,0.0,0,,27.0
2023-06-14,,0.0,0,,0.0
2023-06-15,,0.0,0,,0.0
2023-06-16,,0.0,89,,0.0
2023-06-17,,0.0,0,,29.0
2023-06-18,,0.0,0,,33.0
2023-06-19,,0.0,0,,37.0
2023-06-20,,0.0,0,,0.0
2023-06-21,,0.0,0,,0.0
2023-06-22,,0.0,0,,0.0
2023-06-23,,0.0,0,,54.0
2023-06-24,,0.0,0,,0.0
2023-06-25,,0.0,0,,0.0
2023-06-26,,0.0,77,,39.0
2023-06-27,,0.0,0,,28.0
2023-06-28,,0.0,0,,29.0
2023-06-29,,0.0,89,,0.0
2023-06-30,,0.0,0,,0.0
2023-07-01,,0.0,0,,49.0
2023-07-02,,0.0,0,,69.0
2023-07-03,,0.0,0,,0.0
2023-07-04,,0.0,0,,0.0
2023-07-05,,0.0,0,,36.0
2023-07-06,,0.0,0,,30.0
2023-07-07,,0.0,0,,0.0
2023-07-08,,100.0,0,,49.0
2023-07-09,,0.0,0,,100.0
2023-07-10,,0.0,0,,50.0
2023-07-11,,0.0,0,,40.0
2023-07-12,,0.0,0,,31.0
2023-07-13,,0.0,0,,0.0
2023-07-14,,0.0,0,,0.0
2023-07-15,,0.0,0,,33.0
2023-07-16,,0.0,0,,0.0
2023-07-17,,0.0,0,,0.0
2023-07-18,,0.0,0,,0.0
2023-07-19,,0.0,0,,0.0
2023-07-20,,0.0,0,,0.0
2023-07-21,,0.0,0,,0.0
2023-07-22,,0.0,0,,0.0
2023-07-23,,0.0,0,,0.0
2023-07-24,,0.0,0,,0.0
2023-07-25,,0.0,0,,0.0
2023-07-26,,0.0,0,,0.0
2023-07-27,,0.0,0,,0.0
2023-07-28,,0.0,0,,39.0
2023-07-29,,0.0,95,,0.0
2023-07-30,,0.0,0,,0.0
2023-07-31,,0.0,0,,0.0
2023-08-01,,0.0,0,,0.0
2023-08-02,,0.0,0,,0.0
2023-08-03,,0.0,100,,0.0
2023-08-04,,0.0,0,,0.0
2023-08-05,,0.0,0,,0.0
2023-08-06,,0.0,0,,0.0
2023-08-07,,0.0,0,0.0,0.0
2023-08-08,,,0,0.0,0.0
2023-08-09,,,68,0.0,25.0
2023-08-10,,,0,0.0,0.0
2023-08-11,,,0,0.0,0.0
2023-08-12,,,0,0.0,0.0
2023-08-13,,,0,0.0,0.0
2023-08-14,,,0,0.0,0.0
2023-08-15,,,0,0.0,0.0
2023-08-16,,,0,0.0,0.0
2023-08-17,,,0,0.0,0.0
2023-08-18,,,0,0.0,0.0
2023-08-19,,,0,0.0,0.0
2023-08-20,,,0,0.0,0.0
2023-08-21,,,0,0.0,0.0
2023-08-22,,,0,0.0,0.0
2023-08-23,,,0,0.0,0.0
2023-08-24,,,0,0.0,0.0
2023-08-25,,,0,0.0,0.0
2023-08-26,,,0,0.0,0.0
2023-08-27,,,0,0.0,0.0
2023-08-28,,,0,100.0,0.0
2023-08-29,,,0,0.0,0.0
2023-08-30,,,0,0.0,27.0
2023-08-31,,,0,0.0,28.0
2023-09-01,,,0,0.0,0.0
2023-09-02,,,0,0.0,0.0
2023-09-03,,,0,0.0,23.0
2023-09-04,,,0,0.0,0.0
2023-09-05,,,0,0.0,0.0
2023-09-06,,,0,0.0,22.0
2023-09-07,,,0,0.0,29.0
2023-09-08,,,0,0.0,25.0
2023-09-09,,,0,0.0,26.0
2023-09-10,,,0,0.0,35.0
2023-09-11,,,0,0.0,37.0
2023-09-12,,,0,0.0,0.0
2023-09-13,,,0,0.0,0.0
2023-09-14,,,0,0.0,0.0
2023-09-15,,,0,0.0,22.0
2023-09-16,,,0,0.0,0.0
2023-09-17,,,0,0.0,23.0
2023-09-18,,,0,0.0,24.0
2023-09-19,,,57,0.0,0.0
2023-09-20,,,0,0.0,0.0
2023-09-21,,,0,0.0,0.0
2023-09-22,,,0,0.0,0.0
2023-09-23,,,0,0.0,21.0
2023-09-24,,,0,0.0,29.0
2023-09-25,,,0,0.0,19.0
2023-09-26,,,0,0.0,0.0
2023-09-27,,,0,0.0,0.0
2023-09-28,,,0,0.0,0.0
2023-09-29,,,0,0.0,19.0
2023-09-30,,,0,0.0,0.0
2023-10-01,,,0,0.0,64.0
2023-10-02,,,0,0.0,41.0
2023-10-03,,,0,0.0,49.0
2023-10-04,,,0,0.0,34.0
2023-10-05,,,0,0.0,31.0
2023-10-06,,,52,0.0,32.0
2023-10-07,,,82,0.0,43.0
2023-10-08,,,72,0.0,47.0
2023-10-09,,,65,0.0,39.0
2023-10-10,,,59,0.0,24.0
2023-10-11,,,52,0.0,43.0
2023-10-12,,,65,0.0,59.0
2023-10-13,,,0,0.0,45.0
2023-10-14,,,54,0.0,64.0
2023-10-15,,,80,0.0,83.0
2023-10-16,,,86,0.0,67.0
2023-10-17,,,60,0.0,83.0
2023-10-18,,,0,0.0,57.0
2023-10-19,,,60,0.0,44.0
2023-10-20,,,0,0.0,66.0
2023-10-21,0.0,0.0,100,0.0,100.0
2023-10-22,8.0,0.0,9,0.0,4.0
2023-10-23,0.0,0.0,10,0.0,5.0
2023-10-24,0.0,0.0,10,0.0,4.0
2023-10-25,8.0,0.0,8,0.0,4.0
2023-10-26,0.0,0.0,7,0.0,3.0
2023-10-27,8.0,0.0,7,0.0,3.0
2023-10-28,0.0,0.0,9,0.0,3.0
2023-10-29,8.0,0.0,9,0.0,4.0
2023-10-30,7.0,32.0,14,0.0,5.0
2023-10-31,12.0,0.0,12,0.0,7.0
2023-11-01,13.0,0.0,14,0.0,6.0
2023-11-02,82.0,64.0,57,0.0,35.0
2023-11-03,100.0,100.0,100,0.0,49.0
2023-11-04,74.0,79.0,98,0.0,36.0
2023-11-05,70.0,78.0,90,0.0,37.0
2023-11-06,79.0,0.0,67,0.0,36.0
2023-11-07,33.0,58.0,53,0.0,23.0
2023-11-08,36.0,0.0,55,100.0,19.0
2023-11-09,32.0,32.0,62,0.0,22.0
2023-11-10,47.0,0.0,25,0.0,100.0
2023-11-11,23.0,0.0,29,0.0,31.0
2023-11-12,31.0,0.0,25,0.0,47.0
2023-11-13,48.0,0.0,34,0.0,76.0
2023-11-14,35.0,0.0,27,0.0,29.0
2023-11-15,23.0,0.0,18,0.0,18.0
2023-11-16,14.0,0.0,24,0.0,19.0
2023-11-17,23.0,0.0,26,0.0,19.0
2023-11-18,22.0,0.0,19,0.0,22.0
2023-11-19,14.0,0.0,16,0.0,15.0
2023-11-20,17.0,0.0,19,0.0,16.0
2023-11-21,17.0,0.0,15,0.0,13.0
2023-11-22,0.0,39.0,13,0.0,12.0
2023-11-23,12.0,0.0,12,0.0,10.0
2023-11-24,10.0,0.0,17,0.0,11.0
2023-11-25,0.0,0.0,13,0.0,10.0
2023-11-26,16.0,0.0,16,0.0,11.0
2023-11-27,19.0,0.0,12,0.0,26.0
2023-11-28,10.0,0.0,10,0.0,27.0
2023-11-29,10.0,0.0,7,0.0,12.0
2023-11-30,14.0,0.0,11,0.0,11.0
2023-12-01,10.0,0.0,9,0.0,9.0
2023-12-02,0.0,0.0,9,0.0,8.0
2023-12-03,0.0,0.0,6,0.0,6.0
2023-12-04,0.0,0.0,7,0.0,6.0
2023-12-05,0.0,0.0,8,0.0,6.0
2023-12-06,0.0,0.0,5,0.0,5.0
2023-12-07,0.0,0.0,8,0.0,4.0
2023-12-08,0.0,0.0,5,0.0,4.0
2023-12-09,0.0,0.0,5,0.0,4.0
2023-12-10,0.0,0.0,5,0.0,4.0
2023-12-11,0.0,0.0,5,0.0,3.0
2023-12-12,0.0,0.0,5,0.0,3.0
2023-12-13,0.0,0.0,5,0.0,4.0
2023-12-14,0.0,0.0,7,0.0,3.0
2023-12-15,0.0,0.0,5,0.0,3.0
2023-12-16,0.0,0.0,7,0.0,3.0
2023-12-17,0.0,0.0,7,0.0,3.0
2023-12-18,0.0,0.0,6,0.0,3.0
2023-12-19,0.0,0.0,5,0.0,2.0
2023-12-20,0.0,0.0,7,0.0,2.0
2023-12-21,0.0,0.0,3,0.0,2.0
2023-12-22,0.0,0.0,0,0.0,5.0
2023-12-23,11.0,0.0,4,0.0,8.0
2023-12-24,16.0,0.0,9,0.0,7.0
2023-12-25,0.0,0.0,7,0.0,6.0
2023-12-26,0.0,0.0,7,0.0,7.0
2023-12-27,10.0,0.0,7,0.0,8.0
2023-12-28,0.0,0.0,5,0.0,5.0
2023-12-29,0.0,0.0,3,0.0,5.0
2023-12-30,8.0,0.0,6,0.0,5.0
2023-12-31,0.0,0.0,4,0.0,4.0
2024-01-01,0.0,0.0,0,0.0,5.0
2024-01-02,0.0,0.0,0,0.0,4.0
2024-01-03,0.0,0.0,5,0.0,3.0
2024-01-04,12.0,0.0,5,0.0,3.0
2024-01-05,0.0,0.0,70,,55.0
2024-01-06,0.0,0.0,100,,40.0
2024-01-07,0.0,0.0,0,,40.0
2024-01-08,0.0,0.0,0,,35.0
2024-01-09,0.0,0.0,49,,40.0
2024-01-10,0.0,0.0,59,,35.0
2024-01-11,0.0,0.0,0,,28.0
2024-01-12,0.0,0.0,62,,22.0
2024-01-13,0.0,0.0,87,,57.0
2024-01-14,0.0,0.0,65,,79.0
2024-01-15,77.0,0.0,88,,100.0
2024-01-16,0.0,0.0,77,,76.0
2024-01-17,0.0,0.0,0,,75.0
2024-01-18,0.0,0.0,0,,68.0
2024-01-19,0.0,0.0,0,,41.0
2024-01-20,0.0,0.0,72,,37.0
2024-01-21,0.0,0.0,0,,40.0
2024-01-22,0.0,0.0,0,,51.0
2024-01-23,0.0,0.0,0,,47.0
2024-01-24,0.0,100.0,0,,49.0
2024-01-25,0.0,0.0,0,,40.0
2024-01-26,0.0,0.0,61,,50.0
2024-01-27,0.0,0.0,0,,44.0
2024-01-28,0.0,0.0,94,,36.0
2024-01-29,0.0,0.0,0,,24.0
2024-01-30,0.0,0.0,60,,40.0
2024-01-31,0.0,0.0,60,,80.0
2024-02-01,0.0,0.0,0,,83.0
2024-02-02,0.0,0.0,61,,34.0
2024-02-03,0.0,0.0,0,,34.0
2024-02-04,0.0,0.0,0,,40.0
2024-02-05,0.0,0.0,0,,29.0
2024-02-06,0.0,0.0,0,,29.0
2024-02-07,0.0,0.0,0,,18.0
2024-02-08,0.0,0.0,0,,26.0
2024-02-09,0.0,0.0,61,,27.0
2024-02-10,0.0,0.0,0,,24.0
2024-02-11,0.0,0.0,0,,17.0
2024-02-12,0.0,0.0,0,,21.0
2024-02-13,0.0,0.0,0,,24.0
2024-02-14,0.0,0.0,0,,16.0
2024-02-15,0.0,0.0,74,,15.0
2024-02-16,0.0,0.0,0,,19.0
2024-02-17,0.0,0.0,0,,19.0
2024-02-18,0.0,0.0,0,,20.0
2024-02-19,0.0,0.0,0,,17.0
2024-02-20,0.0,0.0,0,,16.0
2024-02-21,0.0,0.0,0,,13.0
2024-02-22,0.0,0.0,0,,20.0
2024-02-23,0.0,0.0,57,,15.0
2024-02-24,0.0,0.0,0,,15.0
2024-02-25,0.0,0.0,0,,8.0
2024-02-26,0.0,0.0,0,,12.0
2024-02-27,0.0,0.0,53,,12.0
2024-02-28,0.0,0.0,0,,10.0
2024-02-29,0.0,0.0,0,,0.0
2024-03-01,0.0,0.0,0,,13.0
2024-03-02,0.0,0.0,0,,26.0
2024-03-03,0.0,0.0,0,,20.0
2024-03-04,0.0,0.0,0,,21.0
2024-03-05,0.0,0.0,0,,12.0
2024-03-06,0.0,0.0,0,,11.0
2024-03-07,0.0,0.0,0,,9.0
2024-03-08,0.0,0.0,0,,10.0
2024-03-09,0.0,0.0,0,,9.0
2024-03-10,0.0,0.0,59,,9.0
2024-03-11,0.0,0.0,0,,14.0
2024-03-12,0.0,0.0,0,,8.0
2024-03-13,0.0,0.0,0,,12.0
2024-03-14,0.0,0.0,0,,8.0
2024-03-15,0.0,0.0,0,,11.0
2024-03-16,0.0,0.0,0,,0.0
2024-03-17,0.0,0.0,0,,0.0
2024-03-18,0.0,0.0,0,,13.0
2024-03-19,0.0,0.0,0,0.0,11.0
2024-03-20,,,0,0.0,54.0
2024-03-21,,,0,0.0,57.0
2024-03-22,,,0,0.0,71.0
2024-03-23,,,0,0.0,0.0
2024-03-24,,,0,0.0,94.0
2024-03-25,,,100,0.0,71.0
2024-03-26,,,0,0.0,0.0
2024-03-27,,,0,0.0,0.0
2024-03-28,,,0,0.0,66.0
2024-03-29,,,0,0.0,49.0
2024-03-30,,,0,0.0,0.0
2024-03-31,,,0,0.0,50.0
2024-04-01,,,0,0.0,58.0
2024-04-02,,,0,0.0,46.0
2024-04-03,,,69,0.0,62.0
2024-04-04,,,0,0.0,0.0
2024-04-05,,,0,0.0,0.0
2024-04-06,,,0,0.0,0.0
2024-04-07,,,0,100.0,57.0
2024-04-08,,,0,0.0,49.0
2024-04-09,,,0,0.0,53.0
2024-04-10,,,0,0.0,53.0
2024-04-11,,,0,0.0,57.0
2024-04-12,,,0,0.0,59.0
2024-04-13,,,0,0.0,70.0
2024-04-14,,,0,0.0,66.0
2024-04-15,,,0,0.0,95.0
2024-04-16,,,0,0.0,75.0
2024-04-17,,,0,0.0,50.0
2024-04-18,,,0,0.0,72.0
2024-04-19,,,0,0.0,0.0
2024-04-20,,,0,0.0,0.0
2024-04-21,,,0,0.0,0.0
2024-04-22,,,0,0.0,74.0
2024-04-23,,,0,0.0,59.0
2024-04-24,,,76,0.0,0.0
2024-04-25,,,0,0.0,0.0
2024-04-26,,,0,0.0,0.0
2024-04-27,,,0,0.0,49.0
2024-04-28,,,0,0.0,0.0
2024-04-29,,,66,0.0,56.0
2024-04-30,,,0,0.0,0.0
2024-05-01,,,0,0.0,0.0
2024-05-02,,,0,0.0,0.0
2024-05-03,,,0,0.0,56.0
2024-05-04,,,0,0.0,80.0
2024-05-05,,,65,0.0,95.0
2024-05-06,,,0,0.0,100.0
2024-05-07,,,0,0.0,99.0
2024-05-08,,,0,0.0,53.0
2024-05-09,,,65,0.0,51.0
2024-05-10,,,0,0.0,0.0
2024-05-11,,,0,0.0,67.0
2024-05-12,,,0,0.0,0.0
2024-05-13,,,0,0.0,60.0
2024-05-14,,,0,0.0,0.0
2024-05-15,,,61,0.0,64.0
2024-05-16,,,0,0.0,57.0
2024-05-17,,,0,0.0,75.0
2024-05-18,,,0,0.0,0.0
2024-05-19,,,0,0.0,61.0
2024-05-20,,,0,0.0,82.0
2024-05-21,,,0,0.0,53.0
2024-05-22,,,0,0.0,57.0
2024-05-23,,,57,0.0,72.0
2024-05-24,,,0,0.0,49.0
2024-05-25,,,0,0.0,0.0
2024-05-26,,,88,0.0,51.0
2024-05-27,,,0,0.0,66.0
2024-05-28,,,0,0.0,96.0
2024-05-29,,,0,0.0,77.0
2024-05-30,,,0,0.0,49.0
2024-05-31,,,0,0.0,81.0
2024-06-01,,,0,0.0,52.0
2024-06-02,0.0,,0,0.0,74.0
2024-06-03,0.0,,0,,35.0
2024-06-04,0.0,,0,,38.0
2024-06-05,0.0,,0,,51.0
2024-06-06,0.0,,0,,41.0
2024-06-07,0.0,,0,,0.0
2024-06-08,0.0,,60,,0.0
2024-06-09,0.0,,0,,50.0
2024-06-10,0.0,,0,,0.0
2024-06-11,0.0,,0,,40.0
2024-06-12,0.0,,0,,35.0
2024-06-13,0.0,,0,,47.0
2024-06-14,0.0,,0,,54.0
2024-06-15,0.0,,0,,50.0
2024-06-16,0.0,,0,,47.0
2024-06-17,0.0,,0,,49.0
2024-06-18,0.0,,0,,52.0
2024-06-19,0.0,,0,,52.0
2024-06-20,0.0,,0,,53.0
2024-06-21,0.0,,0,,56.0
2024-06-22,0.0,,0,,45.0
2024-06-23,0.0,,0,,0.0
2024-06-24,0.0,,0,,33.0
2024-06-25,0.0,,82,,42.0
2024-06-26,0.0,,0,,68.0
2024-06-27,100.0,,0,,85.0
2024-06-28,0.0,,0,,88.0
2024-06-29,0.0,,0,,75.0
2024-06-30,0.0,,0,,61.0
2024-07-01,0.0,,0,,48.0
2024-07-02,0.0,,0,,67.0
2024-07-03,0.0,,0,,42.0
2024-07-04,0.0,,0,,53.0
2024-07-05,0.0,,0,,63.0
2024-07-06,0.0,,0,,57.0
2024-07-07,0.0,,0,,82.0
2024-07-08,0.0,,0,,100.0
2024-07-09,0.0,,0,,67.0
2024-07-10,0.0,,0,,52.0
2024-07-11,0.0,,0,,51.0
2024-07-12,0.0,,72,,65.0
2024-07-13,0.0,,0,,0.0
2024-07-14,0.0,,0,,66.0
2024-07-15,0.0,,0,,39.0
2024-07-16,0.0,,0,,40.0
2024-07-17,0.0,,0,,35.0
2024-07-18,0.0,,0,,67.0
2024-07-19,0.0,,0,,51.0
2024-07-20,0.0,,0,,0.0
2024-07-21,0.0,,75,,43.0
2024-07-22,0.0,,0,,35.0
2024-07-23,0.0,,0,,41.0
2024-07-24,0.0,,0,,0.0
2024-07-25,0.0,,60,,82.0
2024-07-26,0.0,,0,,0.0
2024-07-27,0.0,,0,,49.0
2024-07-28,0.0,,0,,0.0
2024-07-29,0.0,,0,,0.0
2024-07-30,0.0,,0,,0.0
2024-07-31,0.0,,0,,0.0
2024-08-01,0.0,,0,,43.0
2024-08-02,0.0,,0,,0.0
2024-08-03,0.0,,0,,0.0
2024-08-04,0.0,,0,,37.0
2024-08-05,0.0,,0,,37.0
2024-08-06,0.0,,0,,0.0
2024-08-07,0.0,,0,,42.0
2024-08-08,0.0,,0,,38.0
2024-08-09,0.0,,0,,33.0
2024-08-10,0.0,,100,,44.0
2024-08-11,0.0,,0,,50.0
2024-08-12,0.0,,0,,48.0
2024-08-13,0.0,,0,,64.0
2024-08-14,0.0,,0,,34.0
2024-08-15,0.0,,0,,43.0
2024-08-16,0.0,,0,,0.0
2024-08-17,0.0,,0,,7.0
2024-08-18,0.0,,0,,12.0
2024-08-19,0.0,,0,,10.0
2024-08-20,0.0,,0,,11.0
2024-08-21,0.0,,0,,8.0
2024-08-22,0.0,,0,,6.0
2024-08-23,0.0,,0,,12.0
2024-08-24,0.0,,0,,7.0
2024-08-25,0.0,,0,,0.0
2024-08-26,0.0,,0,,8.0
2024-08-27,0.0,,0,,8.0
2024-08-28,0.0,,0,,0.0
2024-08-29,0.0,,0,,9.0
2024-08-30,0.0,,0,,10.0
2024-08-31,0.0,,0,,7.0
2024-09-01,0.0,,0,,9.0
2024-09-02,0.0,,0,,9.0
2024-09-03,0.0,,0,,0.0
2024-09-04,0.0,,0,,8.0
2024-09-05,0.0,,0,,9.0
2024-09-06,0.0,,0,,0.0
2024-09-07,0.0,,0,,0.0
2024-09-08,0.0,,0,,13.0
2024-09-09,0.0,,0,,9.0
2024-09-10,0.0,,0,,7.0
2024-09-11,0.0,,0,,9.0
2024-09-12,0.0,,0,,12.0
2024-09-13,0.0,,0,,22.0
2024-09-14,0.0,,0,,14.0
2024-09-15,0.0,,0,,11.0
2024-09-16,0.0,,0,,12.0
2024-09-17,0.0,,0,,7.0
2024-09-18,0.0,,0,,13.0
2024-09-19,0.0,,0,,10.0
2024-09-20,0.0,,0,,10.0
2024-09-21,0.0,,0,,8.0
2024-09-22,0.0,,0,,12.0
2024-09-23,0.0,,20,,0.0
2024-09-24,0.0,,0,,12.0
2024-09-25,0.0,,0,,14.0
2024-09-26,0.0,,14,,12.0
2024-09-27,0.0,,0,,14.0
2024-09-28,0.0,,14,,13.0
2024-09-29,0.0,,17,,15.0
2024-09-30,0.0,,0,,8.0
2024-10-01,0.0,,17,,13.0
2024-10-02,0.0,,22,,10.0
2024-10-03,0.0,,18,,11.0
2024-10-04,0.0,,23,,11.0
2024-10-05,0.0,,14,,13.0
2024-10-06,0.0,,20,,15.0
2024-10-07,0.0,,0,,12.0
2024-10-08,0.0,,0,,12.0
2024-10-09,0.0,,0,,11.0
2024-10-10,0.0,,0,,0.0
2024-10-11,0.0,,0,,10.0
2024-10-12,0.0,,0,,29.0
2024-10-13,0.0,,40,,21.0
2024-10-14,0.0,,29,,30.0
2024-10-15,0.0,,23,,31.0
2024-10-16,0.0,,25,,31.0
2024-10-17,0.0,,35,,46.0
2024-10-18,58.0,,45,,52.0
2024-10-19,0.0,,40,,48.0
2024-10-20,52.0,,59,,55.0
2024-10-21,0.0,,60,,62.0
2024-10-22,66.0,,73,,82.0
2024-10-23,100.0,,83,,100.0
2024-10-24,49.0,,57,,67.0
2024-10-25,0.0,,48,,61.0
2024-10-26,0.0,,90,,64.0
2024-10-27,0.0,,100,,87.0
2024-10-28,0.0,,72,,81.0
2024-10-29,0.0,,62,,84.0
2024-10-30,0.0,0.0,87,,98.0
2024-10-31,16.0,0.0,14,,31.0
2024-11-01,28.0,0.0,14,,36.0
2024-11-02,16.0,0.0,10,,16.0
2024-11-03,19.0,0.0,11,,22.0
2024-11-04,10.0,0.0,11,,18.0
2024-11-05,9.0,0.0,10,,14.0
2024-11-06,10.0,0.0,9,,9.0
2024-11-07,10.0,0.0,9,,11.0
2024-11-08,10.0,0.0,8,,9.0
2024-11-09,12.0,0.0,8,,7.0
2024-11-10,12.0,0.0,5,,8.0
2024-11-11,0.0,0.0,7,,7.0
2024-11-12,9.0,0.0,8,,10.0
2024-11-13,25.0,0.0,18,,32.0
2024-11-14,12.0,0.0,17,,18.0
2024-11-15,22.0,0.0,19,,21.0
2024-11-16,19.0,0.0,15,,15.0
2024-11-17,46.0,0.0,33,,42.0
2024-11-18,100.0,100.0,100,,100.0
2024-11-19,47.0,62.0,61,,82.0
2024-11-20,32.0,24.0,43,,53.0
2024-11-21,21.0,0.0,26,,37.0
2024-11-22,26.0,0.0,20,,32.0
2024-11-23,23.0,0.0,17,,33.0
2024-11-24,40.0,0.0,14,,44.0
2024-11-25,27.0,0.0,13,,38.0
2024-11-26,13.0,0.0,12,,26.0
2024-11-27,11.0,0.0,10,,17.0
2024-11-28,9.0,0.0,7,,16.0
2024-11-29,0.0,0.0,8,,12.0
2024-11-30,0.0,0.0,9,,12.0
2024-12-01,14.0,0.0,7,,12.0
2024-12-02,11.0,0.0,6,,11.0
2024-12-03,0.0,0.0,4,,9.0
2024-12-04,0.0,0.0,5,,12.0
2024-12-05,18.0,0.0,4,,12.0
2024-12-06,0.0,0.0,3,,8.0
2024-12-07,0.0,0.0,5,,6.0
2024-12-08,0.0,0.0,9,,11.0
2024-12-09,0.0,0.0,4,,8.0
2024-12-10,0.0,0.0,3,,6.0
2024-12-11,0.0,0.0,3,,5.0
2024-12-12,0.0,0.0,4,,4.0
2024-12-13,0.0,0.0,3,,4.0
2024-12-14,0.0,0.0,4,,4.0
2024-12-15,0.0,0.0,4,,5.0
2024-12-16,12.0,0.0,3,,12.0
2024-12-17,15.0,0.0,6,,17.0
2024-12-18,12.0,0.0,5,,15.0
2024-12-19,8.0,0.0,7,,13.0
2024-12-20,8.0,0.0,3,,10.0
2024-12-21,0.0,0.0,4,,8.0
2024-12-22,0.0,0.0,5,,10.0
2024-12-23,0.0,0.0,5,,16.0
2024-12-24,8.0,0.0,3,,13.0
2024-12-25,0.0,0.0,3,,10.0
2024-12-26,0.0,0.0,4,,8.0
2024-12-27,10.0,0.0,2,,31.0
2024-12-28,0.0,0.0,2,,13.0
2024-12-29,0.0,0.0,0,,10.0
2024-12-30,0.0,0.0,2,,5.0
2024-12-31,0.0,0.0,0,,5.0
2025-01-01,0.0,0.0,2,,6.0
2025-01-02,0.0,0.0,0,,6.0
2025-01-03,0.0,0.0,0,,8.0
2025-01-04,0.0,0.0,4,,7.0
2025-01-05,0.0,0.0,0,,7.0
2025-01-06,9.0,0.0,2,,6.0
2025-01-07,0.0,0.0,3,,5.0
2025-01-08,0.0,0.0,2,,4.0
2025-01-09,0.0,0.0,3,,5.0
2025-01-10,0.0,0.0,3,,5.0
2025-01-11,0.0,0.0,2,,9.0
2025-01-12,0.0,0.0,3,,8.0
2025-01-13,0.0,0.0,2,,4.0
2025-01-14,0.0,,69,,24.0
2025-01-15,0.0,,65,,86.0
2025-01-16,0.0,,0,,100.0
2025-01-17,0.0,,67,,49.0
2025-01-18,0.0,,0,,32.0
2025-01-19,0.0,,82,,49.0
2025-01-20,0.0,,0,,40.0
2025-01-21,0.0,,0,,31.0
2025-01-22,83.0,,0,,21.0
2025-01-23,100.0,,0,,27.0
2025-01-24,0.0,,0,,19.0
2025-01-25,0.0,,0,,18.0
2025-01-26,0.0,,70,,22.0
2025-01-27,0.0,,78,,15.0
2025-01-28,0.0,,0,,19.0
2025-01-29,0.0,,63,,33.0
2025-01-30,0.0,,0,,53.0
2025-01-31,0.0,,0,,45.0
2025-02-01,0.0,,86,,39.0
2025-02-02,0.0,,0,,45.0
2025-02-03,0.0,,0,,40.0
2025-02-04,0.0,,0,,27.0
2025-02-05,0.0,,76,,27.0
2025-02-06,0.0,,61,,27.0
2025-02-07,0.0,,90,,31.0
2025-02-08,0.0,,0,,20.0
2025-02-09,0.0,,0,,21.0
2025-02-10,0.0,,71,,21.0
2025-02-11,0.0,,100,,20.0
2025-02-12,0.0,,64,,17.0
2025-02-13,0.0,,0,,18.0
2025-02-14,0.0,,66,,18.0
2025-02-15,0.0,,0,,22.0
2025-02-16,0.0,,0,,22.0
2025-02-17,0.0,,0,,17.0
2025-02-18,0.0,,57,,17.0
2025-02-19,0.0,,54,,10.0
2025-02-20,0.0,,0,,18.0
2025-02-21,0.0,,64,,17.0
2025-02-22,0.0,,0,,14.0
2025-02-23,0.0,,88,,16.0
2025-02-24,0.0,,60,,17.0
2025-02-25,0.0,,68,,15.0
2025-02-26,0.0,,82,,16.0
2025-02-27,0.0,,0,,15.0
2025-02-28,0.0,,0,,16.0
2025-03-01,0.0,,0,,14.0
2025-03-02,0.0,,72,,21.0
2025-03-03,0.0,,0,,11.0
2025-03-04,0.0,,0,,14.0
2025-03-05,0.0,,0,,25.0
2025-03-06,0.0,,0,,18.0
2025-03-07,0.0,,84,,12.0
2025-03-08,0.0,,72,,13.0
2025-03-09,0.0,,0,,14.0
2025-03-10,0.0,,0,,10.0
2025-03-11,0.0,,0,,11.0
2025-03-12,0.0,,0,,17.0
2025-03-13,0.0,,86,,15.0
2025-03-14,0.0,,0,,18.0
2025-03-15,0.0,,0,,26.0
2025-03-16,0.0,,0,,26.0
2025-03-17,0.0,,0,,25.0
2025-03-18,0.0,,0,,22.0
2025-03-19,0.0,,0,,22.0
2025-03-20,0.0,,0,,15.0
2025-03-21,0.0,,0,,11.0
2025-03-22,0.0,,0,,12.0
2025-03-23,0.0,,77,,11.0
2025-03-24,0.0,,0,,10.0
2025-03-25,0.0,,71,,10.0
2025-03-26,0.0,,0,,16.0
2025-03-27,0.0,,0,,11.0
2025-03-28,0.0,,0,,10.0
2025-03-29,0.0,,0,0.0,10.0
2025-03-30,,,0,0.0,18.0
2025-03-31,,,0,0.0,19.0
2025-04-01,,,0,0.0,15.0
2025-04-02,,,0,0.0,22.0
2025-04-03,,,72,0.0,17.0
2025-04-04,,,0,0.0,16.0
2025-04-05,,,0,0.0,27.0
2025-04-06,,,0,0.0,29.0
2025-04-07,,,0,0.0,24.0
2025-04-08,,,0,0.0,22.0
2025-04-09,,,0,0.0,21.0
2025-04-10,,,0,0.0,17.0
2025-04-11,,,84,0.0,21.0
2025-04-12,,,0,0.0,25.0
2025-04-13,,,73,0.0,17.0
2025-04-14,,,0,0.0,11.0
2025-04-15,,,0,0.0,24.0
2025-04-16,,,97,0.0,17.0
2025-04-17,,,0,0.0,20.0
2025-04-18,,,0,0.0,15.0
2025-04-19,,,0,0.0,17.0
2025-04-20,,,0,0.0,0.0
2025-04-21,,,0,0.0,22.0
2025-04-22,,,91,0.0,25.0
2025-04-23,,,0,0.0,13.0
2025-04-24,,,0,0.0,0.0
2025-04-25,,,68,0.0,27.0
2025-04-26,,,0,100.0,22.0
2025-04-27,,,0,0.0,15.0
2025-04-28,,,0,76.0,17.0
2025-04-29,,,0,0.0,18.0
2025-04-30,,,0,0.0,14.0
2025-05-01,,,0,0.0,0.0
2025-05-02,,,0,0.0,26.0
2025-05-03,,,0,0.0,0.0
2025-05-04,,,0,0.0,17.0
2025-05-05,,,0,0.0,12.0
2025-05-06,,,0,0.0,10.0
2025-05-07,,,0,0.0,10.0
2025-05-08,,,0,0.0,13.0
2025-05-09,,,0,0.0,11.0
2025-05-10,,,0,0.0,23.0
2025-05-11,,,0,0.0,17.0
2025-05-12,,,0,0.0,13.0
2025-05-13,,,56,0.0,15.0
2025-05-14,,,0,0.0,25.0
2025-05-15,,,72,0.0,100.0
2025-05-16,,,0,0.0,39.0
2025-05-17,,,0,0.0,25.0
2025-05-18,,,0,0.0,16.0
2025-05-19,,,0,0.0,20.0
2025-05-20,,,0,0.0,18.0
2025-05-21,,,0,0.0,18.0
2025-05-22,,,0,0.0,0.0
2025-05-23,,,0,0.0,13.0
2025-05-24,,,0,0.0,0.0
2025-05-25,,,0,0.0,21.0
2025-05-26,,,0,0.0,17.0
2025-05-27,,,0,0.0,11.0
2025-05-28,,,0,0.0,12.0
2025-05-29,,,0,0.0,11.0
2025-05-30,,,0,0.0,0.0
2025-05-31,,,0,0.0,0.0
2025-06-01,,,0,0.0,12.0
2025-06-02,,,65,0.0,14.0
2025-06-03,,,0,0.0,0.0
2025-06-04,,,0,0.0,18.0
2025-06-05,,,0,0.0,13.0
2025-06-06,,,0,0.0,0.0
2025-06-07,,,100,0.0,11.0
2025-06-08,,,78,0.0,18.0
2025-06-09,,,0,0.0,13.0
2025-06-10,,,0,0.0,17.0
2025-06-11,,,63,0.0,17.0
2025-06-12,,,82,0.0,10.0
2025-06-13,,,0,,61.0
2025-06-14,,,0,,63.0
2025-06-15,,,0,,60.0
2025-06-16,,,0,,0.0
2025-06-17,,,0,,48.0
2025-06-18,,,0,,65.0
2025-06-19,,,0,,70.0
2025-06-20,,,79,,43.0
2025-06-21,,,0,,59.0
2025-06-22,,,0,,50.0
2025-06-23,,,0,,0.0
2025-06-24,,,79,,39.0
2025-06-25,,,88,,0.0
2025-06-26,,,0,,38.0
2025-06-27,,,0,,59.0
2025-06-28,,,0,,0.0
2025-06-29,,,0,,0.0
2025-06-30,,,0,,57.0
2025-07-01,,,0,,50.0
2025-07-02,,,0,,49.0
2025-07-03,,,0,,50.0
2025-07-04,,,0,,52.0
2025-07-05,,,0,,42.0
2025-07-06,,,0,,56.0
2025-07-07,,,0,,68.0
2025-07-08,,,0,,46.0
2025-07-09,,,0,,78.0
2025-07-10,,,0,,80.0
2025-07-11,,,0,,55.0
2025-07-12,,,0,,65.0
2025-07-13,,,0,,0.0
2025-07-14,,,0,,0.0
2025-07-15,,,0,,61.0
2025-07-16,,,0,,0.0
2025-07-17,,,0,,0.0
2025-07-18,,,0,,69.0
2025-07-19,,,0,,0.0
2025-07-20,,,0,,0.0
2025-07-21,,,0,,54.0
2025-07-22,,,0,,59.0
2025-07-23,,,0,,70.0
2025-07-24,,,0,,51.0
2025-07-25,,,97,,66.0
2025-07-26,,,0,,55.0
2025-07-27,,,0,,54.0
2025-07-28,,,0,,70.0
2025-07-29,,,0,,79.0
2025-07-30,,,0,,68.0
2025-07-31,,,0,,100.0
2025-08-01,,,0,,0.0
2025-08-02,,,95,,57.0
2025-08-03,,,0,,0.0
2025-08-04,,,0,,48.0
2025-08-05,,,0,,49.0
2025-08-06,,,0,,54.0
2025-08-07,,,0,,0.0
2025-08-08,,,0,,40.0
2025-08-09,,,0,,81.0
2025-08-10,,,100,,68.0
2025-08-11,,,0,,38.0
2025-08-12,,,0,,0.0
2025-08-13,,,0,,0.0
2025-08-14,,,0,,46.0
2025-08-15,,,0,,61.0
2025-08-16,,,0,,0.0
2025-08-17,,,0,,47.0
2025-08-18,,,0,,53.0
2025-08-19,,,0,,36.0
2025-08-20,,,0,,55.0
2025-08-21,,,0,,37.0
2025-08-22,,,0,,0.0
2025-08-23,,,0,,0.0
2025-08-24,,,0,,72.0
2025-08-25,,,0,,43.0
2025-08-26,0.0,0.0,0,0.0,52.0
2025-08-27,0.0,0.0,0,0.0,1.0
2025-08-28,0.0,0.0,0,0.0,1.0
2025-08-29,0.0,0.0,0,0.0,1.0
2025-08-30,0.0,0.0,0,0.0,0.0
2025-08-31,0.0,0.0,0,0.0,0.0
2025-09-01,0.0,0.0,0,0.0,1.0
2025-09-02,0.0,0.0,2,0.0,2.0
2025-09-03,0.0,0.0,0,0.0,2.0
2025-09-04,0.0,0.0,0,0.0,1.0
2025-09-05,0.0,0.0,0,0.0,0.0
2025-09-06,0.0,0.0,0,0.0,0.0
2025-09-07,0.0,0.0,0,0.0,1.0
2025-09-08,0.0,0.0,0,0.0,1.0
2025-09-09,0.0,0.0,0,0.0,1.0
2025-09-10,0.0,0.0,0,0.0,1.0
2025-09-11,0.0,0.0,0,0.0,0.0
2025-09-12,0.0,0.0,0,0.0,1.0
2025-09-13,0.0,0.0,0,0.0,0.0
2025-09-14,0.0,0.0,0,0.0,0.0
2025-09-15,0.0,0.0,0,0.0,0.0
2025-09-16,0.0,0.0,0,0.0,0.0
2025-09-17,0.0,0.0,0,0.0,1.0
2025-09-18,0.0,0.0,2,0.0,1.0
2025-09-19,0.0,0.0,3,100.0,0.0
2025-09-20,0.0,0.0,3,0.0,2.0
2025-09-21,0.0,0.0,3,0.0,0.0
2025-09-22,0.0,0.0,3,0.0,1.0
2025-09-23,0.0,0.0,3,0.0,0.0
2025-09-24,0.0,0.0,4,0.0,0.0
2025-09-25,0.0,0.0,0,0.0,0.0
2025-09-26,0.0,0.0,2,0.0,0.0
2025-09-27,0.0,0.0,3,0.0,0.0
2025-09-28,0.0,0.0,4,0.0,1.0
2025-09-29,0.0,0.0,3,0.0,0.0
2025-09-30,0.0,0.0,3,0.0,2.0
2025-10-01,0.0,0.0,4,0.0,1.0
2025-10-02,0.0,0.0,4,0.0,1.0
2025-10-03,0.0,0.0,0,0.0,2.0
2025-10-04,0.0,0.0,0,0.0,1.0
2025-10-05,0.0,0.0,3,0.0,1.0
2025-10-06,0.0,0.0,3,0.0,2.0
2025-10-07,0.0,0.0,5,0.0,3.0
2025-10-08,0.0,0.0,4,0.0,2.0
2025-10-09,0.0,0.0,3,0.0,2.0
2025-10-10,0.0,0.0,4,0.0,2.0
2025-10-11,0.0,0.0,5,0.0,3.0
2025-10-12,0.0,0.0,5,0.0,4.0
2025-10-13,0.0,0.0,6,0.0,3.0
2025-10-14,0.0,0.0,7,0.0,4.0
2025-10-15,0.0,0.0,7,0.0,6.0
2025-10-16,0.0,0.0,9,0.0,6.0
2025-10-17,27.0,0.0,9,0.0,7.0
2025-10-18,0.0,0.0,14,0.0,8.0
2025-10-19,0.0,0.0,21,0.0,14.0
2025-10-20,100.0,0.0,34,0.0,73.0
2025-10-21,97.0,0.0,35,0.0,100.0
2025-10-22,40.0,0.0,30,0.0,43.0
2025-10-23,38.0,0.0,19,0.0,24.0
2025-10-24,0.0,0.0,18,0.0,18.0
2025-10-25,0.0,0.0,17,0.0,16.0
2025-10-26,32.0,0.0,20,0.0,15.0
2025-10-27,0.0,0.0,17,0.0,19.0
2025-10-28,0.0,0.0,19,0.0,19.0
2025-10-29,27.0,0.0,20,0.0,16.0
2025-10-30,32.0,0.0,26,0.0,23.0
2025-10-31,0.0,36.0,18,0.0,13.0
2025-11-01,43.0,0.0,35,0.0,24.0
2025-11-02,51.0,44.0,56,0.0,25.0
2025-11-03,53.0,44.0,55,0.0,26.0
2025-11-04,42.0,39.0,52,0.0,24.0
2025-11-05,26.0,0.0,49,0.0,25.0
2025-11-06,30.0,0.0,59,0.0,27.0
2025-11-07,49.0,39.0,64,0.0,28.0
2025-11-08,57.0,58.0,86,0.0,32.0
2025-11-09,89.0,100.0,100,0.0,35.0
2025-11-10,100.0,71.0,93,0.0,74.0
2025-11-11,81.0,96.0,89,0.0,61.0
2025-11-12,67.0,100.0,100,0.0,62.0
2025-11-13,60.0,64.0,79,0.0,53.0
2025-11-14,37.0,58.0,58,0.0,37.0
2025-11-15,41.0,85.0,69,0.0,37.0
2025-11-16,37.0,59.0,68,0.0,42.0
2025-11-17,34.0,42.0,52,0.0,38.0
2025-11-18,40.0,34.0,43,0.0,42.0
2025-11-19,58.0,64.0,55,0.0,43.0
2025-11-20,45.0,0.0,57,0.0,37.0
2025-11-21,38.0,57.0,55,0.0,34.0
2025-11-22,34.0,45.0,53,0.0,31.0
2025-11-23,59.0,52.0,61,0.0,39.0
2025-11-24,43.0,36.0,53,0.0,31.0
2025-11-25,64.0,62.0,63,0.0,45.0
2025-11-26,50.0,39.0,60,0.0,40.0
2025-11-27,47.0,39.0,54,0.0,39.0
2025-11-28,50.0,49.0,62,0.0,34.0
2025-11-29,36.0,33.0,54,0.0,33.0
2025-11-30,0.0,55.0,43,0.0,33.0
2025-12-01,31.0,37.0,41,0.0,28.0
2025-12-02,31.0,34.0,41,0.0,31.0
2025-12-03,31.0,32.0,29,0.0,25.0
2025-12-04,29.0,0.0,27,100.0,23.0
2025-12-05,0.0,0.0,26,0.0,17.0
2025-12-06,19.0,0.0,23,0.0,18.0
2025-12-07,28.0,0.0,21,0.0,19.0
2025-12-08,18.0,0.0,18,0.0,13.0
2025-12-09,20.0,0.0,19,0.0,14.0
2025-12-10,0.0,0.0,19,0.0,15.0
2025-12-11,0.0,0.0,19,0.0,13.0
2025-12-12,0.0,0.0,18,0.0,16.0
2025-12-13,47.0,43.0,33,0.0,52.0
2025-12-14,69.0,60.0,57,0.0,92.0
2025-12-15,68.0,67.0,63,0.0,100.0
2025-12-16,60.0,48.0,52,0.0,72.0
2025-12-17,50.0,34.0,44,0.0,53.0
2025-12-18,57.0,30.0,48,0.0,66.0
2025-12-19,26.0,42.0,43,0.0,49.0
2025-12-20,39.0,63.0,43,0.0,52.0
2025-12-21,29.0,43.0,41,0.0,49.0
2025-12-22,21.0,31.0,30,0.0,38.0
2025-12-23,29.0,31.0,24,0.0,35.0
2025-12-24,41.0,0.0,22,0.0,53.0
2025-12-25,0.0,32.0,20,0.0,52.0
2025-12-26,25.0,0.0,15,0.0,48.0
2025-12-27,0.0,0.0,16,0.0,40.0
2025-12-28,0.0,0.0,19,0.0,38.0
2025-12-29,0.0,34.0,19,0.0,44.0
2025-12-30,23.0,0.0,14,0.0,25.0
2025-12-31,0.0,0.0,11,0.0,27.0
